Date,Air_temp
8/27/2002,75
8/28/2002,70
8/29/2002,69
9/3/2002,75
9/27/2002,61
9/28/2002,65
10/2/2002,74
10/4/2002,72
10/15/2002,50
10/16/2002,47
10/17/2002,42
10/18/2002,42
10/19/2002,50
10/20/2002,47
10/21/2002,40
10/22/2002,44
10/23/2002,43
10/24/2002,42
10/25/2002,44
10/26/2002,42
10/27/2002,46
10/28/2002,45
10/29/2002,47
10/30/2002,40
10/31/2002,42
11/1/2002,42
11/2/2002,33
11/3/2002,36
11/4/2002,36
11/5/2002,38
11/6/2002,38
11/7/2002,38
11/8/2002,43
11/9/2002,54
11/10/2002,59
11/11/2002,59
11/12/2002,38
11/13/2002,40
11/14/2002,43
11/15/2002,50
11/16/2002,39
11/17/2002,31
11/18/2002,33
11/19/2002,39
11/20/2002,46
11/21/2002,47
11/22/2002,39
11/23/2002,34
11/24/2002,36
11/25/2002,36
11/26/2002,29
11/27/2002,28
11/28/2002,26
11/29/2002,27
11/30/2002,42
12/1/2002,31
12/2/2002,24
12/3/2002,34
12/4/2002,19
12/5/2002,22
12/6/2002,23
12/7/2002,22
12/8/2002,32
12/9/2002,25
12/10/2002,22
12/11/2002,28
12/12/2002,35
12/13/2002,32
12/14/2002,34
12/15/2002,35
12/16/2002,38
12/17/2002,30
12/18/2002,33
12/19/2002,52
12/20/2002,47
12/21/2002,35
12/22/2002,34
12/23/2002,31
12/24/2002,29
12/25/2002,27
12/26/2002,26
12/27/2002,21
12/28/2002,24
12/29/2002,31
12/30/2002,33
12/31/2002,51
1/1/2003,36
1/2/2003,30
1/3/2003,27
1/4/2003,23
1/5/2003,21
1/6/2003,32
1/7/2003,26
1/8/2003,29
1/9/2003,42
1/10/2003,37
1/11/2003,24
1/12/2003,14
1/13/2003,19
1/14/2003,26
1/15/2003,16
1/16/2003,11
1/17/2003,19
1/20/2003,15
1/21/2003,21
1/22/2003,13
1/23/2003,9
1/24/2003,2
1/25/2003,6
1/26/2003,21
1/27/2003,11
1/29/2003,28
1/30/2003,24
1/31/2003,17
2/4/2003,45
2/5/2003,24
2/6/2003,18
2/7/2003,28
2/10/2003,22
2/11/2003,25
2/12/2003,18
2/15/2003,29
2/16/2003,24
2/17/2003,18
2/18/2003,22
2/19/2003,28
2/20/2003,33
2/21/2003,33
2/25/2003,18
2/26/2003,10
2/27/2003,19
2/28/2003,20
3/3/2003,27
3/4/2003,21
3/5/2003,39
3/6/2003,28
3/7/2003,24
3/8/2003,31
3/9/2003,39
3/10/2003,19
3/11/2003,17
3/12/2003,31
3/13/2003,46
3/14/2003,36
3/17/2003,57
3/18/2003,58
3/19/2003,55
3/20/2003,52
3/23/2003,44
4/1/2003,45
4/2/2003,65
4/3/2003,66
4/5/2003,62
4/7/2003,32
4/9/2003,35
4/11/2003,43
4/12/2003,51
4/13/2003,48
4/14/2003,48
4/15/2003,65
4/16/2003,72
4/17/2003,69
4/19/2003,54
4/20/2003,67
4/21/2003,64
4/22/2003,49
4/23/2003,45
4/24/2003,47
4/25/2003,53
4/26/2003,47
4/27/2003,49
4/28/2003,56
4/29/2003,62
4/30/2003,61
5/1/2003,67
5/2/2003,64
5/3/2003,52
5/4/2003,52
5/5/2003,52
5/6/2003,65
5/7/2003,64
5/8/2003,64
5/9/2003,57
5/12/2003,56
5/13/2003,58
5/14/2003,61
5/15/2003,59
5/16/2003,54
5/17/2003,58
5/18/2003,62
5/19/2003,65
5/20/2003,68
5/21/2003,60
5/22/2003,53
5/23/2003,54
5/24/2003,54
5/25/2003,57
5/26/2003,56
5/27/2003,59
5/28/2003,61
5/29/2003,60
5/30/2003,57
5/31/2003,60
6/1/2003,55
6/2/2003,52
6/3/2003,57
6/4/2003,54
6/5/2003,57
6/6/2003,61
6/7/2003,62
6/8/2003,68
6/9/2003,65
6/10/2003,67
6/11/2003,67
6/12/2003,70
6/13/2003,70
6/14/2003,68
6/15/2003,69
6/16/2003,71
6/17/2003,72
6/18/2003,72
6/19/2003,74
6/20/2003,66
6/24/2003,73
6/25/2003,78
6/26/2003,79
6/30/2003,74
7/1/2003,73
7/2/2003,75
8/15/2003,78
8/16/2003,77
8/17/2003,78
8/18/2003,74
8/19/2003,69
8/20/2003,69
8/21/2003,73
8/22/2003,80
8/23/2003,75
8/24/2003,69
8/25/2003,71
8/26/2003,77
8/27/2003,80
8/28/2003,80
8/29/2003,76
8/30/2003,71
8/31/2003,69
9/1/2003,63
9/2/2003,62
9/3/2003,63
9/4/2003,67
9/5/2003,62
9/6/2003,58
9/7/2003,62
9/8/2003,66
9/9/2003,69
9/10/2003,70
9/11/2003,71
9/12/2003,72
9/13/2003,71
9/14/2003,74
9/15/2003,69
9/16/2003,63
9/17/2003,66
9/18/2003,68
9/19/2003,66
9/20/2003,58
9/21/2003,55
9/22/2003,62
9/23/2003,64
9/24/2003,58
9/25/2003,65
9/26/2003,53
9/27/2003,56
9/28/2003,56
9/29/2003,49
9/30/2003,48
10/1/2003,46
10/2/2003,45
10/3/2003,42
10/4/2003,46
10/5/2003,51
10/6/2003,54
10/7/2003,52
10/8/2003,60
10/9/2003,64
10/10/2003,60
10/11/2003,64
10/12/2003,65
10/13/2003,58
10/14/2003,55
10/15/2003,53
10/16/2003,52
10/17/2003,52
10/18/2003,44
10/19/2003,51
10/20/2003,56
10/21/2003,66
10/22/2003,58
10/23/2003,47
10/24/2003,47
10/27/2003,42
10/28/2003,37
10/29/2003,45
10/30/2003,44
10/31/2003,60
11/1/2003,65
11/2/2003,52
11/3/2003,63
11/4/2003,66
11/5/2003,67
11/6/2003,46
11/7/2003,40
11/8/2003,33
11/9/2003,30
11/10/2003,31
11/11/2003,43
11/12/2003,57
11/13/2003,54
11/14/2003,34
11/15/2003,35
11/16/2003,40
11/17/2003,46
11/18/2003,49
11/19/2003,59
11/20/2003,49
11/21/2003,51
11/22/2003,53
11/23/2003,59
11/24/2003,58
11/25/2003,28
11/26/2003,32
11/27/2003,40
11/28/2003,44
11/29/2003,31
11/30/2003,30
12/1/2003,44
12/2/2003,37
12/3/2003,29
12/4/2003,34
12/5/2003,33
12/6/2003,33
12/7/2003,30
12/8/2003,33
12/9/2003,40
12/10/2003,47
12/11/2003,47
12/12/2003,26
12/13/2003,20
12/14/2003,25
12/15/2003,27
12/16/2003,31
12/17/2003,35
12/18/2003,24
12/19/2003,27
12/20/2003,27
12/21/2003,22
12/22/2003,37
12/23/2003,44
12/24/2003,34
12/25/2003,25
12/26/2003,26
12/27/2003,31
12/28/2003,39
12/29/2003,48
12/30/2003,41
12/31/2003,35
1/1/2004,39
1/2/2004,40
1/3/2004,55
1/4/2004,47
1/5/2004,33
1/6/2004,24
1/7/2004,9
1/8/2004,19
1/9/2004,29
1/10/2004,23
1/11/2004,20
1/12/2004,35
1/13/2004,35
1/14/2004,31
1/15/2004,31
1/16/2004,24
1/17/2004,29
1/18/2004,31
1/19/2004,23
1/20/2004,13
1/21/2004,18
1/22/2004,27
1/23/2004,14
1/24/2004,19
1/25/2004,24
1/26/2004,16
1/27/2004,21
1/28/2004,18
1/29/2004,10
1/30/2004,6
1/31/2004,-2
2/1/2004,1
2/2/2004,20
2/3/2004,29
2/4/2004,22
2/5/2004,17
2/6/2004,26
2/7/2004,29
2/8/2004,25
2/9/2004,21
2/10/2004,31
2/11/2004,26
2/12/2004,26
2/13/2004,23
2/14/2004,24
2/15/2004,29
2/16/2004,19
2/17/2004,19
2/18/2004,26
2/19/2004,31
2/20/2004,42
2/21/2004,43
2/22/2004,34
2/23/2004,38
2/24/2004,39
2/25/2004,34
2/26/2004,34
2/27/2004,34
2/28/2004,35
2/29/2004,42
3/1/2004,49
3/2/2004,52
3/3/2004,47
3/4/2004,43
3/5/2004,47
3/6/2004,57
3/7/2004,41
3/8/2004,41
3/9/2004,35
3/10/2004,33
3/11/2004,36
3/12/2004,36
3/13/2004,24
3/14/2004,34
3/15/2004,42
3/16/2004,36
3/17/2004,31
3/18/2004,33
3/19/2004,36
3/20/2004,41
3/21/2004,51
3/22/2004,30
3/23/2004,29
3/24/2004,43
3/25/2004,55
3/26/2004,58
3/27/2004,58
3/28/2004,62
3/29/2004,65
3/30/2004,52
3/31/2004,46
4/1/2004,44
4/2/2004,41
4/3/2004,43
4/4/2004,46
4/5/2004,39
4/6/2004,40
4/7/2004,54
4/8/2004,58
4/9/2004,51
4/10/2004,47
4/11/2004,49
4/12/2004,44
4/13/2004,40
4/14/2004,39
4/15/2004,49
4/16/2004,59
4/17/2004,67
4/18/2004,72
4/19/2004,74
4/20/2004,70
4/21/2004,57
4/22/2004,62
4/23/2004,49
4/24/2004,54
4/25/2004,55
4/26/2004,58
4/27/2004,52
4/28/2004,45
4/29/2004,60
4/30/2004,67
5/1/2004,67
5/2/2004,46
5/3/2004,46
5/4/2004,45
5/5/2004,53
5/6/2004,60
5/7/2004,72
5/8/2004,59
5/9/2004,69
5/10/2004,74
5/11/2004,74
5/12/2004,72
5/13/2004,74
5/14/2004,69
5/15/2004,64
5/16/2004,53
5/17/2004,58
5/18/2004,70
5/19/2004,68
5/20/2004,66
5/21/2004,74
5/22/2004,78
5/23/2004,76
5/24/2004,72
5/25/2004,65
5/26/2004,67
5/27/2004,63
5/28/2004,69
5/29/2004,60
5/30/2004,64
5/31/2004,70
6/1/2004,66
6/2/2004,66
6/3/2004,62
6/4/2004,61
6/5/2004,63
6/6/2004,67
6/7/2004,71
6/8/2004,74
6/9/2004,79
6/10/2004,76
6/11/2004,72
6/12/2004,73
6/13/2004,71
6/14/2004,73
6/15/2004,75
6/16/2004,76
6/17/2004,74
6/18/2004,76
6/19/2004,72
6/20/2004,62
6/21/2004,61
6/22/2004,67
6/23/2004,66
6/24/2004,67
6/25/2004,65
6/26/2004,58
6/27/2004,64
6/28/2004,66
6/29/2004,66
6/30/2004,66
7/1/2004,69
7/2/2004,72
7/3/2004,75
7/4/2004,76
7/5/2004,75
7/6/2004,75
7/7/2004,75
7/8/2004,68
7/9/2004,66
7/10/2004,71
7/11/2004,74
7/12/2004,76
7/13/2004,76
7/14/2004,75
7/15/2004,71
7/16/2004,71
7/17/2004,71
7/18/2004,68
7/19/2004,69
7/20/2004,70
7/21/2004,76
7/22/2004,77
7/23/2004,78
7/24/2004,69
7/25/2004,64
7/26/2004,63
7/27/2004,64
7/28/2004,64
7/29/2004,68
7/30/2004,69
7/31/2004,69
8/1/2004,71
8/2/2004,73
8/3/2004,76
8/4/2004,78
8/5/2004,69
8/6/2004,64
8/7/2004,61
8/8/2004,64
8/9/2004,67
8/10/2004,71
8/11/2004,66
8/12/2004,60
8/13/2004,56
8/14/2004,59
8/15/2004,60
8/16/2004,62
8/17/2004,64
8/18/2004,70
8/19/2004,71
8/20/2004,67
8/21/2004,61
8/22/2004,63
8/23/2004,66
8/24/2004,72
8/25/2004,73
8/26/2004,71
8/27/2004,74
8/28/2004,78
8/29/2004,76
8/30/2004,64
8/31/2004,65
9/1/2004,67
9/2/2004,70
9/3/2004,70
9/4/2004,72
9/5/2004,74
9/6/2004,76
9/7/2004,74
9/8/2004,66
9/9/2004,63
9/10/2004,63
9/11/2004,63
9/12/2004,67
9/13/2004,69
9/14/2004,73
9/15/2004,73
9/16/2004,75
9/17/2004,71
9/18/2004,61
9/19/2004,61
9/20/2004,65
9/21/2004,63
9/22/2004,67
9/23/2004,65
9/24/2004,70
9/25/2004,70
9/26/2004,64
9/27/2004,56
9/28/2004,58
9/29/2004,55
9/30/2004,55
10/1/2004,55
10/2/2004,61
10/3/2004,52
10/4/2004,51
10/5/2004,52
10/6/2004,44
10/7/2004,53
10/8/2004,63
10/9/2004,65
10/10/2004,61
10/11/2004,50
10/12/2004,50
10/13/2004,53
10/14/2004,53
10/15/2004,51
10/16/2004,48
10/17/2004,44
10/18/2004,43
10/19/2004,43
10/20/2004,48
10/21/2004,51
10/22/2004,53
10/23/2004,57
10/24/2004,62
10/25/2004,54
10/26/2004,58
10/27/2004,59
10/28/2004,55
10/29/2004,56
10/30/2004,70
10/31/2004,62
11/1/2004,53
11/2/2004,55
11/3/2004,51
11/4/2004,45
11/5/2004,46
11/6/2004,43
11/7/2004,52
11/8/2004,49
11/9/2004,37
11/10/2004,41
11/11/2004,52
11/12/2004,45
11/13/2004,36
11/14/2004,34
11/15/2004,38
11/16/2004,42
11/17/2004,51
11/18/2004,58
11/19/2004,60
11/20/2004,55
11/21/2004,51
11/22/2004,44
11/23/2004,44
11/24/2004,48
11/25/2004,38
11/26/2004,30
11/27/2004,42
11/28/2004,44
11/29/2004,35
11/30/2004,36
12/1/2004,38
12/2/2004,34
12/3/2004,34
12/4/2004,33
12/5/2004,40
12/6/2004,42
12/7/2004,49
12/8/2004,50
12/9/2004,42
12/10/2004,46
12/11/2004,44
12/12/2004,36
12/13/2004,38
12/14/2004,28
12/15/2004,22
12/16/2004,25
12/17/2004,33
12/18/2004,28
12/19/2004,34
12/20/2004,13
12/21/2004,17
12/22/2004,30
12/23/2004,17
12/24/2004,13
12/25/2004,3
12/26/2004,12
12/27/2004,17
12/28/2004,11
12/29/2004,30
12/30/2004,39
12/31/2004,45
1/1/2005,55
1/4/2005,40
1/5/2005,38
1/6/2005,33
1/7/2005,27
1/8/2005,26
1/9/2005,29
1/10/2005,33
1/11/2005,33
1/12/2005,35
1/13/2005,57
1/14/2005,42
1/15/2005,17
1/16/2005,16
1/17/2005,13
1/18/2005,7
1/19/2005,11
1/20/2005,30
1/21/2005,26
1/22/2005,18
1/23/2005,19
1/24/2005,10
1/25/2005,26
1/26/2005,34
1/27/2005,31
1/28/2005,15
1/29/2005,20
1/30/2005,30
1/31/2005,19
2/1/2005,18
2/2/2005,18
2/3/2005,23
2/4/2005,25
2/5/2005,34
2/6/2005,42
2/7/2005,45
2/8/2005,44
2/9/2005,35
2/10/2005,28
2/11/2005,25
2/12/2005,30
2/13/2005,39
2/14/2005,42
2/15/2005,44
2/16/2005,46
2/17/2005,32
2/18/2005,26
2/19/2005,23
2/20/2005,29
2/21/2005,39
2/22/2005,35
2/23/2005,33
2/24/2005,30
2/25/2005,31
2/26/2005,35
2/27/2005,34
2/28/2005,34
3/1/2005,32
3/2/2005,24
3/3/2005,21
3/4/2005,25
3/5/2005,39
3/6/2005,37
3/7/2005,48
3/8/2005,44
3/9/2005,26
3/10/2005,24
3/11/2005,27
3/12/2005,33
3/13/2005,28
3/14/2005,27
3/15/2005,30
3/16/2005,31
3/17/2005,38
3/18/2005,41
3/19/2005,47
3/20/2005,43
3/21/2005,35
3/22/2005,34
3/23/2005,38
3/24/2005,36
3/25/2005,39
3/26/2005,39
3/27/2005,38
3/28/2005,41
3/29/2005,45
3/30/2005,52
3/31/2005,64
4/1/2005,51
4/2/2005,47
4/3/2005,45
4/4/2005,47
4/5/2005,59
4/6/2005,63
4/7/2005,64
4/8/2005,51
4/9/2005,52
4/10/2005,58
4/11/2005,67
4/12/2005,67
4/13/2005,48
4/14/2005,50
4/15/2005,49
4/16/2005,53
4/17/2005,60
4/18/2005,66
4/19/2005,69
4/20/2005,69
4/21/2005,66
4/22/2005,51
4/23/2005,48
4/24/2005,37
4/25/2005,40
4/26/2005,52
4/27/2005,47
4/28/2005,47
4/29/2005,50
4/30/2005,48
5/1/2005,47
5/2/2005,46
5/3/2005,42
5/4/2005,43
5/5/2005,49
5/6/2005,55
5/7/2005,61
5/8/2005,67
5/9/2005,70
5/10/2005,70
5/11/2005,72
5/12/2005,67
5/13/2005,54
5/14/2005,65
5/15/2005,58
5/16/2005,49
5/17/2005,54
5/18/2005,60
5/19/2005,65
5/20/2005,65
5/21/2005,61
5/22/2005,61
5/23/2005,67
5/24/2005,65
5/25/2005,59
5/26/2005,60
5/27/2005,62
5/28/2005,64
5/29/2005,62
5/30/2005,63
5/31/2005,66
6/1/2005,66
6/2/2005,69
6/3/2005,63
6/4/2005,67
6/5/2005,74
6/6/2005,79
6/7/2005,78
6/8/2005,78
6/9/2005,79
6/10/2005,79
6/11/2005,78
6/12/2005,74
6/13/2005,71
6/14/2005,76
6/15/2005,72
6/16/2005,68
6/17/2005,64
6/18/2005,61
6/19/2005,61
6/20/2005,65
6/21/2005,68
6/22/2005,74
6/23/2005,73
6/24/2005,76
6/25/2005,82
6/26/2005,81
6/27/2005,81
6/28/2005,82
6/29/2005,75
6/30/2005,78
7/1/2005,81
7/2/2005,72
7/3/2005,64
7/4/2005,70
7/5/2005,75
7/6/2005,73
7/7/2005,71
7/8/2005,72
7/9/2005,72
7/10/2005,72
7/11/2005,74
7/12/2005,73
7/13/2005,73
7/14/2005,72
7/15/2005,74
7/16/2005,75
7/17/2005,76
7/18/2005,78
7/19/2005,77
7/20/2005,76
7/21/2005,79
7/22/2005,78
7/23/2005,74
7/24/2005,77
7/25/2005,83
7/26/2005,85
7/27/2005,81
7/28/2005,66
7/29/2005,64
7/30/2005,69
7/31/2005,71
8/1/2005,73
8/2/2005,76
8/3/2005,79
8/4/2005,79
8/5/2005,77
8/6/2005,73
8/7/2005,72
8/8/2005,75
8/9/2005,77
8/10/2005,79
8/11/2005,78
8/12/2005,75
8/13/2005,78
8/14/2005,75
8/15/2005,69
8/16/2005,69
8/17/2005,71
8/18/2005,72
8/19/2005,77
8/20/2005,79
8/21/2005,78
8/22/2005,73
8/23/2005,67
8/24/2005,62
8/25/2005,66
8/26/2005,70
8/27/2005,75
8/28/2005,73
8/29/2005,73
8/30/2005,73
8/31/2005,69
9/1/2005,70
9/2/2005,69
9/3/2005,68
9/4/2005,65
9/5/2005,67
9/6/2005,70
9/7/2005,71
9/8/2005,73
9/9/2005,76
9/10/2005,74
9/11/2005,76
9/12/2005,76
9/13/2005,76
9/14/2005,78
9/15/2005,71
9/16/2005,63
9/17/2005,60
9/18/2005,63
9/19/2005,66
9/20/2005,70
9/21/2005,71
9/22/2005,69
9/23/2005,76
9/24/2005,64
9/25/2005,70
9/26/2005,70
9/27/2005,67
9/28/2005,61
9/29/2005,65
9/30/2005,52
10/1/2005,56
10/2/2005,63
10/3/2005,71
10/4/2005,75
10/5/2005,75
10/6/2005,73
10/7/2005,58
10/8/2005,50
10/9/2005,50
10/10/2005,51
10/11/2005,57
10/12/2005,57
10/13/2005,60
10/14/2005,62
10/15/2005,61
10/16/2005,56
10/17/2005,50
10/18/2005,57
10/19/2005,59
10/20/2005,57
10/21/2005,47
10/22/2005,47
10/23/2005,49
10/24/2005,41
10/25/2005,44
10/26/2005,45
10/27/2005,46
10/28/2005,43
10/29/2005,43
10/30/2005,44
10/31/2005,50
11/1/2005,53
11/2/2005,48
11/3/2005,51
11/4/2005,61
11/5/2005,61
11/6/2005,63
11/7/2005,52
11/8/2005,50
11/9/2005,60
11/10/2005,57
11/11/2005,39
11/12/2005,45
11/13/2005,56
11/14/2005,54
11/15/2005,41
11/16/2005,49
11/17/2005,31
11/18/2005,21
11/19/2005,31
11/20/2005,41
11/21/2005,40
11/22/2005,39
11/23/2005,33
11/24/2005,38
11/25/2005,26
11/26/2005,21
11/27/2005,40
11/28/2005,50
11/29/2005,55
11/30/2005,33
12/1/2005,27
12/2/2005,27
12/3/2005,17
12/4/2005,24
12/5/2005,22
12/6/2005,8
12/7/2005,14
12/8/2005,4
12/9/2005,17
12/10/2005,13
12/11/2005,20
12/12/2005,28
12/13/2005,16
12/14/2005,26
12/15/2005,31
12/16/2005,33
12/17/2005,26
12/18/2005,20
12/19/2005,14
12/20/2005,7
12/21/2005,15
12/22/2005,20
12/23/2005,28
12/24/2005,38
12/25/2005,38
12/26/2005,35
12/27/2005,33
12/28/2005,41
12/29/2005,43
12/30/2005,35
12/31/2005,36
1/1/2006,35
1/2/2006,40
1/3/2006,53
1/4/2006,43
1/5/2006,41
1/6/2006,35
1/7/2006,30
1/8/2006,35
1/9/2006,42
1/10/2006,37
1/11/2006,37
1/12/2006,40
1/13/2006,46
1/14/2006,45
1/15/2006,32
1/16/2006,33
1/17/2006,42
1/18/2006,34
1/19/2006,28
1/20/2006,47
1/21/2006,51
1/22/2006,34
1/23/2006,32
1/24/2006,28
1/25/2006,34
1/26/2006,30
1/27/2006,31
1/28/2006,40
1/29/2006,49
1/30/2006,48
1/31/2006,35
2/1/2006,34
2/2/2006,41
2/3/2006,37
2/4/2006,42
2/5/2006,30
2/6/2006,25
2/7/2006,27
2/8/2006,26
2/9/2006,27
2/10/2006,25
2/11/2006,33
2/12/2006,30
2/13/2006,26
2/14/2006,26
2/15/2006,40
2/16/2006,46
2/17/2006,49
2/18/2006,24
2/19/2006,7
2/20/2006,11
2/21/2006,22
2/22/2006,32
2/23/2006,36
2/24/2006,35
2/25/2006,34
2/26/2006,34
2/27/2006,25
2/28/2006,36
3/1/2006,36
3/2/2006,42
3/3/2006,37
3/4/2006,32
3/5/2006,28
3/6/2006,29
3/7/2006,33
3/8/2006,36
3/9/2006,45
3/10/2006,55
3/11/2006,45
3/12/2006,54
3/13/2006,60
3/30/2006,48
3/31/2006,56
4/1/2006,62
4/2/2006,47
4/3/2006,51
4/4/2006,46
4/5/2006,50
4/6/2006,47
4/7/2006,49
4/8/2006,56
4/9/2006,39
4/10/2006,42
4/11/2006,54
4/12/2006,63
4/13/2006,69
4/14/2006,67
4/15/2006,69
5/20/2006,55
5/21/2006,57
5/22/2006,55
5/23/2006,58
5/24/2006,58
5/25/2006,65
5/26/2006,69
5/27/2006,69
5/28/2006,74
5/29/2006,80
5/30/2006,78
5/31/2006,78
6/1/2006,72
6/2/2006,66
6/3/2006,67
6/4/2006,67
6/5/2006,65
6/6/2006,68
6/7/2006,70
6/8/2006,72
6/9/2006,71
6/10/2006,67
6/11/2006,57
6/12/2006,60
6/13/2006,62
6/14/2006,64
6/15/2006,69
6/16/2006,75
6/17/2006,79
6/18/2006,79
6/19/2006,72
6/20/2006,73
6/21/2006,72
6/22/2006,81
6/23/2006,76
6/24/2006,73
6/25/2006,70
6/26/2006,69
6/27/2006,68
6/28/2006,68
6/29/2006,69
6/30/2006,67
7/1/2006,70
7/2/2006,78
7/3/2006,77
7/4/2006,77
7/5/2006,72
7/6/2006,65
7/7/2006,66
7/8/2006,68
7/9/2006,69
7/10/2006,74
7/11/2006,76
7/12/2006,74
7/13/2006,75
7/14/2006,76
7/15/2006,77
7/16/2006,80
7/17/2006,79
7/18/2006,80
7/19/2006,79
7/20/2006,80
7/21/2006,76
7/22/2006,74
7/23/2006,68
7/24/2006,70
7/25/2006,74
7/26/2006,76
7/27/2006,76
7/28/2006,76
7/29/2006,76
7/30/2006,79
7/31/2006,79
8/1/2006,83
8/2/2006,83
8/3/2006,83
8/4/2006,75
8/5/2006,72
8/6/2006,74
8/7/2006,75
8/8/2006,75
8/9/2006,69
8/10/2006,73
8/11/2006,72
8/12/2006,70
8/13/2006,67
8/14/2006,68
8/15/2006,71
8/16/2006,69
8/17/2006,67
8/18/2006,71
8/19/2006,74
8/20/2006,76
8/21/2006,69
8/22/2006,67
8/23/2006,69
8/24/2006,73
8/25/2006,72
8/26/2006,74
8/27/2006,73
8/28/2006,75
8/29/2006,73
8/30/2006,64
8/31/2006,66
9/1/2006,66
9/2/2006,65
9/3/2006,66
9/4/2006,63
9/5/2006,63
9/6/2006,62
9/7/2006,65
9/8/2006,67
9/9/2006,70
9/10/2006,68
9/11/2006,66
9/12/2006,66
9/13/2006,67
9/14/2006,62
9/15/2006,64
9/16/2006,65
9/17/2006,68
9/18/2006,72
9/19/2006,62
9/20/2006,52
9/21/2006,51
9/22/2006,55
9/23/2006,64
9/24/2006,67
9/25/2006,57
9/26/2006,57
9/27/2006,60
9/28/2006,62
9/29/2006,50
9/30/2006,50
10/1/2006,58
10/2/2006,63
10/3/2006,71
10/4/2006,72
10/5/2006,69
10/6/2006,55
10/7/2006,48
10/8/2006,51
10/9/2006,56
10/10/2006,61
10/11/2006,59
10/12/2006,53
10/13/2006,37
10/14/2006,41
10/15/2006,43
10/16/2006,43
10/17/2006,51
10/18/2006,54
10/19/2006,60
10/20/2006,43
10/21/2006,44
10/22/2006,52
10/23/2006,40
10/24/2006,37
10/25/2006,37
10/26/2006,40
10/27/2006,44
10/28/2006,44
10/29/2006,44
10/30/2006,47
10/31/2006,59
11/1/2006,47
11/2/2006,34
11/3/2006,29
11/4/2006,31
11/5/2006,41
11/6/2006,48
11/7/2006,52
11/8/2006,52
11/9/2006,53
11/10/2006,56
11/11/2006,55
11/12/2006,40
11/13/2006,37
11/14/2006,37
11/15/2006,43
11/16/2006,42
11/17/2006,40
11/18/2006,36
11/19/2006,38
11/20/2006,38
11/21/2006,34
11/22/2006,36
11/23/2006,38
11/24/2006,41
11/25/2006,46
11/26/2006,52
11/27/2006,53
11/28/2006,55
11/29/2006,57
11/30/2006,61
12/1/2006,42
12/2/2006,31
12/3/2006,26
12/4/2006,18
12/5/2006,20
12/6/2006,22
12/7/2006,35
12/8/2006,16
12/9/2006,17
12/10/2006,30
12/11/2006,39
12/12/2006,46
12/13/2006,49
12/14/2006,44
12/15/2006,48
12/16/2006,40
12/17/2006,45
12/18/2006,50
12/19/2006,38
12/20/2006,31
12/21/2006,33
12/22/2006,47
12/23/2006,50
12/24/2006,39
12/25/2006,36
12/26/2006,36
12/27/2006,33
12/28/2006,34
12/29/2006,42
12/30/2006,46
12/31/2006,49
1/2/2007,36
1/3/2007,34
1/4/2007,38
1/5/2007,45
1/6/2007,49
1/7/2007,41
1/8/2007,35
1/9/2007,34
1/10/2007,30
1/11/2007,27
1/12/2007,40
1/13/2007,48
1/14/2007,36
1/15/2007,35
1/16/2007,32
1/17/2007,20
1/18/2007,18
1/19/2007,30
1/20/2007,27
1/21/2007,23
1/22/2007,30
1/23/2007,29
1/24/2007,30
1/25/2007,24
1/26/2007,21
1/27/2007,32
1/28/2007,32
1/29/2007,13
1/30/2007,20
1/31/2007,14
2/1/2007,14
2/2/2007,23
2/3/2007,14
2/4/2007,9
2/5/2007,3
2/6/2007,0
2/7/2007,5
2/8/2007,1
2/9/2007,2
2/10/2007,6
2/11/2007,4
2/12/2007,18
2/13/2007,30
2/14/2007,19
2/15/2007,12
2/16/2007,2
2/17/2007,6
2/18/2007,21
2/19/2007,13
2/20/2007,32
2/21/2007,37
2/22/2007,32
2/23/2007,34
2/24/2007,27
2/25/2007,28
2/26/2007,37
2/27/2007,31
2/28/2007,29
3/1/2007,33
3/2/2007,43
3/3/2007,33
3/4/2007,26
3/5/2007,25
3/6/2007,30
3/7/2007,23
3/8/2007,29
3/9/2007,31
3/10/2007,46
3/11/2007,44
3/12/2007,40
3/13/2007,49
3/14/2007,62
3/15/2007,61
3/16/2007,39
3/17/2007,33
3/18/2007,30
3/19/2007,35
3/20/2007,45
3/21/2007,42
3/22/2007,58
3/23/2007,61
3/24/2007,56
3/25/2007,62
3/26/2007,68
3/27/2007,69
3/28/2007,69
3/29/2007,54
3/30/2007,52
3/31/2007,58
4/1/2007,63
4/2/2007,59
4/3/2007,58
4/4/2007,59
4/5/2007,31
4/6/2007,32
4/7/2007,29
4/8/2007,28
4/9/2007,34
4/10/2007,36
4/11/2007,41
4/12/2007,43
4/13/2007,36
4/14/2007,46
4/15/2007,37
4/16/2007,42
4/17/2007,46
4/18/2007,54
4/19/2007,47
4/20/2007,48
4/21/2007,53
4/22/2007,62
4/23/2007,68
4/24/2007,68
4/25/2007,62
4/26/2007,50
4/27/2007,58
4/28/2007,51
4/29/2007,58
4/30/2007,66
5/1/2007,72
5/2/2007,73
5/3/2007,63
5/4/2007,62
5/5/2007,62
5/6/2007,64
5/7/2007,61
5/8/2007,65
5/9/2007,75
5/10/2007,71
5/11/2007,72
5/12/2007,69
5/13/2007,60
5/14/2007,59
5/15/2007,69
5/16/2007,70
5/17/2007,56
5/18/2007,49
5/19/2007,54
5/20/2007,64
5/21/2007,67
5/22/2007,69
5/23/2007,74
5/24/2007,77
5/25/2007,77
5/26/2007,66
5/27/2007,67
5/28/2007,67
5/29/2007,69
5/30/2007,76
5/31/2007,76
6/1/2007,73
6/2/2007,75
6/3/2007,76
6/4/2007,70
6/5/2007,64
6/6/2007,60
6/7/2007,64
6/8/2007,80
6/9/2007,74
6/10/2007,65
6/11/2007,69
6/12/2007,73
6/13/2007,73
6/14/2007,75
6/15/2007,78
6/16/2007,75
6/17/2007,78
6/18/2007,78
6/19/2007,77
6/20/2007,73
6/21/2007,69
6/22/2007,74
6/23/2007,66
6/24/2007,64
6/25/2007,70
6/26/2007,75
6/27/2007,77
6/28/2007,77
6/29/2007,71
6/30/2007,67
7/1/2007,67
7/2/2007,67
7/3/2007,64
7/4/2007,69
7/5/2007,73
7/6/2007,76
7/7/2007,73
7/8/2007,74
7/9/2007,78
7/10/2007,78
7/11/2007,77
7/12/2007,70
7/13/2007,69
7/14/2007,69
7/15/2007,71
7/16/2007,69
7/17/2007,71
7/18/2007,71
7/19/2007,75
7/20/2007,70
7/21/2007,64
7/22/2007,64
7/23/2007,65
7/24/2007,68
7/25/2007,68
7/26/2007,71
7/27/2007,72
7/28/2007,72
7/29/2007,72
7/30/2007,72
7/31/2007,72
8/1/2007,74
8/2/2007,77
8/3/2007,77
8/4/2007,77
8/5/2007,71
8/6/2007,78
8/7/2007,81
8/8/2007,84
8/9/2007,82
8/10/2007,80
8/11/2007,77
8/12/2007,75
8/13/2007,79
8/14/2007,74
8/15/2007,67
8/16/2007,76
8/17/2007,73
8/18/2007,72
8/19/2007,65
8/20/2007,72
8/21/2007,73
8/22/2007,78
8/23/2007,81
8/24/2007,80
8/25/2007,76
8/26/2007,71
8/27/2007,67
8/28/2007,71
8/29/2007,76
8/30/2007,77
8/31/2007,69
9/1/2007,64
9/2/2007,65
9/3/2007,69
9/4/2007,71
9/5/2007,73
9/6/2007,77
9/7/2007,74
9/8/2007,76
9/9/2007,72
9/10/2007,71
9/11/2007,69
9/12/2007,62
9/13/2007,57
9/14/2007,62
9/15/2007,61
9/16/2007,51
9/17/2007,58
9/18/2007,65
9/19/2007,73
9/20/2007,74
9/21/2007,74
9/22/2007,75
9/23/2007,69
9/24/2007,71
9/25/2007,79
9/26/2007,74
9/27/2007,63
9/28/2007,64
9/29/2007,62
9/30/2007,64
10/1/2007,69
10/2/2007,67
10/3/2007,69
10/4/2007,66
10/5/2007,69
10/6/2007,74
10/7/2007,77
10/8/2007,77
10/9/2007,75
10/10/2007,65
10/11/2007,49
10/12/2007,52
10/13/2007,50
10/14/2007,50
10/15/2007,62
10/16/2007,67
10/17/2007,64
10/18/2007,63
10/19/2007,70
10/20/2007,57
10/21/2007,61
10/22/2007,67
10/23/2007,59
10/24/2007,50
10/25/2007,48
10/26/2007,49
10/27/2007,54
10/28/2007,51
10/29/2007,43
10/30/2007,44
10/31/2007,50
11/1/2007,53
11/2/2007,40
11/3/2007,42
11/4/2007,44
11/5/2007,46
11/6/2007,48
11/7/2007,38
11/8/2007,35
11/9/2007,43
11/10/2007,40
11/11/2007,40
11/12/2007,46
11/13/2007,57
11/14/2007,52
11/15/2007,53
11/16/2007,36
11/17/2007,34
11/18/2007,40
11/19/2007,39
11/20/2007,51
11/21/2007,60
11/22/2007,49
11/23/2007,34
11/24/2007,27
11/25/2007,30
11/26/2007,31
11/27/2007,35
11/28/2007,33
11/29/2007,40
11/30/2007,29
12/1/2007,31
12/2/2007,28
12/3/2007,46
12/4/2007,27
12/5/2007,33
12/6/2007,25
12/7/2007,18
12/8/2007,30
12/9/2007,29
12/10/2007,31
12/11/2007,32
12/12/2007,34
12/13/2007,35
12/14/2007,34
12/15/2007,29
12/16/2007,29
12/17/2007,22
12/18/2007,21
12/19/2007,30
12/20/2007,27
12/21/2007,32
12/22/2007,37
12/23/2007,47
12/24/2007,29
12/25/2007,26
12/26/2007,30
12/27/2007,36
12/28/2007,33
12/29/2007,35
12/30/2007,29
12/31/2007,30
1/1/2008,33
1/2/2008,18
1/3/2008,5
1/4/2008,12
1/5/2008,29
1/6/2008,40
1/7/2008,54
1/8/2008,62
1/9/2008,54
1/10/2008,37
1/11/2008,39
1/12/2008,35
1/13/2008,35
1/14/2008,32
1/15/2008,24
1/16/2008,19
1/17/2008,28
1/18/2008,30
1/19/2008,23
1/20/2008,6
1/21/2008,6
1/22/2008,21
1/23/2008,22
1/24/2008,18
1/25/2008,4
1/26/2008,10
1/27/2008,26
1/28/2008,28
1/29/2008,38
1/30/2008,41
1/31/2008,10
2/1/2008,20
2/2/2008,26
2/3/2008,30
2/4/2008,30
2/5/2008,42
2/6/2008,40
2/7/2008,34
2/8/2008,29
2/9/2008,35
2/10/2008,36
2/11/2008,10
2/12/2008,9
2/13/2008,17
2/14/2008,17
2/15/2008,26
2/16/2008,26
2/17/2008,27
2/18/2008,43
2/19/2008,27
2/20/2008,13
2/21/2008,15
2/22/2008,13
2/23/2008,23
2/24/2008,19
2/25/2008,22
2/26/2008,32
2/27/2008,28
2/28/2008,18
2/29/2008,19
3/1/2008,34
3/2/2008,31
3/3/2008,48
3/4/2008,44
3/5/2008,28
3/6/2008,27
3/7/2008,29
3/8/2008,26
3/9/2008,21
3/10/2008,30
3/11/2008,33
3/12/2008,33
3/13/2008,41
3/14/2008,48
3/15/2008,47
3/16/2008,37
3/17/2008,34
3/18/2008,37
3/19/2008,47
3/20/2008,37
3/21/2008,40
3/22/2008,44
3/23/2008,33
3/24/2008,32
3/25/2008,33
3/26/2008,43
3/27/2008,44
3/28/2008,41
3/29/2008,35
3/30/2008,36
3/31/2008,46
4/1/2008,57
4/2/2008,43
4/3/2008,39
4/4/2008,42
4/5/2008,41
4/6/2008,47
4/7/2008,52
4/8/2008,54
4/9/2008,66
4/10/2008,44
4/11/2008,50
4/12/2008,57
4/13/2008,39
4/14/2008,37
4/15/2008,39
4/16/2008,45
4/17/2008,56
4/18/2008,62
4/19/2008,64
4/20/2008,54
4/21/2008,57
4/22/2008,62
4/23/2008,65
4/24/2008,67
4/25/2008,67
4/26/2008,71
4/27/2008,51
4/28/2008,49
4/29/2008,44
4/30/2008,41
5/1/2008,51
5/2/2008,64
5/3/2008,67
5/4/2008,53
5/5/2008,53
5/6/2008,60
5/7/2008,67
5/15/2008,56
5/16/2008,49
5/17/2008,57
5/18/2008,63
5/19/2008,54
5/20/2008,51
5/21/2008,53
5/22/2008,54
5/23/2008,56
5/24/2008,51
5/25/2008,58
5/26/2008,64
5/27/2008,71
5/28/2008,55
5/29/2008,56
5/30/2008,62
5/31/2008,70
6/1/2008,72
6/2/2008,70
6/3/2008,73
6/4/2008,71
6/5/2008,73
6/6/2008,80
6/7/2008,78
6/8/2008,74
6/9/2008,81
6/10/2008,76
6/11/2008,71
6/12/2008,75
6/13/2008,79
6/14/2008,73
6/15/2008,73
6/16/2008,71
6/17/2008,69
6/18/2008,65
6/19/2008,67
6/20/2008,67
6/21/2008,72
6/22/2008,71
6/23/2008,70
6/24/2008,67
6/25/2008,69
6/26/2008,74
6/27/2008,74
6/28/2008,73
6/29/2008,74
6/30/2008,67
7/1/2008,67
7/2/2008,68
7/3/2008,75
7/4/2008,69
7/5/2008,66
7/6/2008,68
7/7/2008,73
7/8/2008,73
7/9/2008,77
7/10/2008,74
7/11/2008,73
7/12/2008,75
7/13/2008,75
7/14/2008,70
7/15/2008,71
7/16/2008,75
7/17/2008,77
7/18/2008,78
7/19/2008,77
7/20/2008,76
7/21/2008,77
7/22/2008,75
7/23/2008,71
7/24/2008,67
7/25/2008,66
7/26/2008,71
7/27/2008,74
7/28/2008,70
7/29/2008,73
7/30/2008,75
7/31/2008,73
8/1/2008,76
8/2/2008,77
8/3/2008,72
8/4/2008,71
8/5/2008,76
8/6/2008,74
8/7/2008,75
8/8/2008,69
8/9/2008,66
8/10/2008,67
8/11/2008,64
8/12/2008,63
8/13/2008,67
8/14/2008,69
8/15/2008,68
8/16/2008,65
8/17/2008,65
8/18/2008,68
8/19/2008,70
8/20/2008,70
8/21/2008,71
8/22/2008,72
8/23/2008,73
8/24/2008,78
8/25/2008,71
8/26/2008,64
8/27/2008,65
8/28/2008,69
8/29/2008,72
8/30/2008,73
8/31/2008,68
9/1/2008,71
9/2/2008,70
9/3/2008,74
9/4/2008,72
9/5/2008,69
9/6/2008,64
9/7/2008,64
9/8/2008,64
9/9/2008,64
9/10/2008,59
9/11/2008,59
9/12/2008,65
9/13/2008,70
9/14/2008,77
9/15/2008,68
9/16/2008,62
9/17/2008,60
9/18/2008,63
9/19/2008,65
9/20/2008,65
9/21/2008,66
9/22/2008,67
9/23/2008,69
9/24/2008,69
9/25/2008,67
9/26/2008,67
9/27/2008,63
9/28/2008,62
9/29/2008,63
9/30/2008,61
10/1/2008,55
10/2/2008,51
10/3/2008,51
10/4/2008,54
10/5/2008,49
10/6/2008,55
10/7/2008,63
10/8/2008,60
10/9/2008,57
10/10/2008,55
10/11/2008,57
10/12/2008,65
10/13/2008,70
10/14/2008,70
10/15/2008,64
10/16/2008,64
10/17/2008,52
10/18/2008,49
10/19/2008,49
10/20/2008,49
10/21/2008,53
10/22/2008,45
10/23/2008,44
10/24/2008,51
10/25/2008,51
10/26/2008,45
10/27/2008,48
10/28/2008,39
10/29/2008,36
10/30/2008,40
10/31/2008,45
11/1/2008,57
11/2/2008,57
11/3/2008,60
11/4/2008,61
11/5/2008,58
11/6/2008,59
11/7/2008,59
11/8/2008,47
11/9/2008,39
11/10/2008,34
11/11/2008,30
11/12/2008,34
11/13/2008,46
11/14/2008,50
11/15/2008,50
11/20/2008,38
11/22/2008,25
11/24/2008,37
12/5/2008,26
12/6/2008,15
12/7/2008,25
12/8/2008,15
12/9/2008,32
12/10/2008,43
12/11/2008,31
12/12/2008,26
12/13/2008,19
1/21/2009,15
1/23/2009,32
1/24/2009,32
1/25/2009,14
1/29/2009,14
1/30/2009,25
1/31/2009,14
2/1/2009,19
2/2/2009,36
2/3/2009,25
2/4/2009,13
2/5/2009,10
2/6/2009,13
2/7/2009,33
2/8/2009,51
2/9/2009,36
2/10/2009,43
2/11/2009,55
2/12/2009,51
2/13/2009,38
2/14/2009,34
2/15/2009,31
2/16/2009,28
2/17/2009,28
2/18/2009,33
2/19/2009,38
2/24/2009,26
2/25/2009,35
2/26/2009,43
3/3/2009,21
3/4/2009,20
3/5/2009,41
3/6/2009,54
3/7/2009,60
3/18/2009,65
3/19/2009,54
3/20/2009,41
3/21/2009,33
3/22/2009,47
3/23/2009,51
3/24/2009,51
3/25/2009,61
3/26/2009,51
3/27/2009,47
3/28/2009,46
3/29/2009,42
3/30/2009,37
3/31/2009,43
4/1/2009,49
4/2/2009,47
4/3/2009,59
4/4/2009,42
4/5/2009,43
4/9/2009,48
4/10/2009,47
4/11/2009,43
4/12/2009,41
4/13/2009,44
4/14/2009,41
4/15/2009,41
4/16/2009,44
4/17/2009,50
4/18/2009,54
4/19/2009,59
4/20/2009,56
4/21/2009,47
5/8/2009,68
5/9/2009,62
5/10/2009,58
5/11/2009,55
5/12/2009,54
5/13/2009,58
5/14/2009,61
5/15/2009,63
5/16/2009,61
5/17/2009,59
5/18/2009,51
5/19/2009,54
5/20/2009,62
5/21/2009,68
5/22/2009,71
5/23/2009,75
5/24/2009,72
5/25/2009,72
5/26/2009,67
5/27/2009,71
5/28/2009,73
5/29/2009,63
5/30/2009,65
5/31/2009,65
6/1/2009,65
6/2/2009,70
6/3/2009,65
6/4/2009,58
6/5/2009,59
6/6/2009,63
6/7/2009,69
6/8/2009,71
6/9/2009,73
6/10/2009,70
6/11/2009,69
6/12/2009,68
6/13/2009,67
6/14/2009,69
6/15/2009,71
6/16/2009,71
6/17/2009,69
6/18/2009,73
6/19/2009,72
6/20/2009,78
6/21/2009,77
6/22/2009,76
6/23/2009,78
6/24/2009,79
6/25/2009,81
6/26/2009,82
6/27/2009,80
6/28/2009,77
6/29/2009,76
6/30/2009,71
7/1/2009,65
7/2/2009,63
7/3/2009,66
7/4/2009,68
7/5/2009,64
7/6/2009,69
7/7/2009,72
7/8/2009,72
7/9/2009,68
7/10/2009,68
7/11/2009,74
7/12/2009,74
7/13/2009,70
7/14/2009,70
7/15/2009,69
7/16/2009,74
7/17/2009,72
7/18/2009,65
7/19/2009,63
7/20/2009,64
7/21/2009,66
7/22/2009,69
7/23/2009,65
7/24/2009,67
7/25/2009,70
7/26/2009,70
7/27/2009,70
7/28/2009,72
7/29/2009,71
7/30/2009,69
7/31/2009,67
8/1/2009,69
8/2/2009,67
8/3/2009,66
8/4/2009,71
8/5/2009,70
8/6/2009,70
8/7/2009,67
8/8/2009,68
8/9/2009,77
8/10/2009,81
8/11/2009,77
8/12/2009,73
8/13/2009,67
8/14/2009,69
8/15/2009,72
8/16/2009,74
8/17/2009,78
8/18/2009,75
8/19/2009,72
8/20/2009,72
8/21/2009,71
8/22/2009,65
8/23/2009,61
8/24/2009,62
8/25/2009,64
8/26/2009,67
8/27/2009,70
8/28/2009,71
8/29/2009,66
8/30/2009,62
8/31/2009,58
9/1/2009,56
9/2/2009,58
9/3/2009,61
9/4/2009,64
9/5/2009,64
9/6/2009,67
9/7/2009,66
9/8/2009,66
9/9/2009,64
9/10/2009,67
9/11/2009,68
9/12/2009,66
9/13/2009,64
9/14/2009,63
9/15/2009,65
9/16/2009,68
9/17/2009,65
9/18/2009,59
9/19/2009,60
9/20/2009,63
9/21/2009,64
9/22/2009,68
9/23/2009,72
9/24/2009,69
9/25/2009,65
9/26/2009,62
9/27/2009,62
9/28/2009,61
9/29/2009,59
9/30/2009,54
10/1/2009,54
10/2/2009,50
10/3/2009,54
10/4/2009,51
10/5/2009,51
10/6/2009,49
10/7/2009,55
10/8/2009,52
10/9/2009,49
10/10/2009,50
10/11/2009,44
10/12/2009,40
10/13/2009,45
10/14/2009,47
10/15/2009,43
10/16/2009,40
10/17/2009,41
10/18/2009,41
10/19/2009,42
10/20/2009,51
10/21/2009,57
10/22/2009,59
10/23/2009,57
10/24/2009,57
10/25/2009,44
10/26/2009,53
10/27/2009,56
10/28/2009,51
10/29/2009,53
10/30/2009,56
10/31/2009,62
11/1/2009,44
11/2/2009,41
11/3/2009,49
11/4/2009,40
11/5/2009,47
11/6/2009,42
11/7/2009,47
11/8/2009,58
11/9/2009,59
11/10/2009,58
11/11/2009,52
11/12/2009,43
11/13/2009,41
11/14/2009,46
11/15/2009,55
11/16/2009,49
11/17/2009,43
11/18/2009,44
11/19/2009,44
11/20/2009,43
11/21/2009,42
11/22/2009,46
11/23/2009,45
11/24/2009,44
11/25/2009,48
11/26/2009,45
11/27/2009,37
11/28/2009,33
11/29/2009,42
11/30/2009,46
12/1/2009,36
12/2/2009,41
12/3/2009,37
12/4/2009,34
12/5/2009,25
12/6/2009,25
12/7/2009,28
12/8/2009,30
12/9/2009,34
12/10/2009,28
12/11/2009,13
12/12/2009,23
12/13/2009,31
12/14/2009,37
12/15/2009,41
12/16/2009,24
12/17/2009,18
12/18/2009,31
12/19/2009,35
12/20/2009,32
12/21/2009,29
12/22/2009,29
12/23/2009,31
12/24/2009,32
12/25/2009,34
12/26/2009,37
12/27/2009,26
12/28/2009,20
12/29/2009,23
12/30/2009,14
12/31/2009,28
1/1/2010,28
1/2/2010,9
1/3/2010,5
1/4/2010,8
1/5/2010,10
1/6/2010,11
1/7/2010,12
1/8/2010,17
1/9/2010,19
1/10/2010,11
1/11/2010,8
1/12/2010,21
1/13/2010,26
1/14/2010,25
1/15/2010,34
1/16/2010,34
1/17/2010,31
1/18/2010,29
1/19/2010,31
1/20/2010,29
1/21/2010,29
1/22/2010,32
1/23/2010,34
1/24/2010,41
1/25/2010,45
1/26/2010,30
1/27/2010,18
1/28/2010,22
1/29/2010,12
1/30/2010,13
1/31/2010,16
2/1/2010,18
2/2/2010,25
2/3/2010,32
2/4/2010,25
2/5/2010,29
2/6/2010,31
2/7/2010,23
2/8/2010,17
2/9/2010,17
2/10/2010,20
2/11/2010,23
2/12/2010,15
2/13/2010,13
2/14/2010,15
2/15/2010,17
2/16/2010,22
2/17/2010,26
2/18/2010,26
2/19/2010,28
2/20/2010,26
2/21/2010,35
2/22/2010,35
2/23/2010,33
2/24/2010,30
2/25/2010,22
2/26/2010,26
2/27/2010,26
2/28/2010,30
3/1/2010,34
3/2/2010,34
3/3/2010,32
3/4/2010,32
3/5/2010,32
3/6/2010,33
3/7/2010,35
3/8/2010,39
3/9/2010,40
3/10/2010,49
3/11/2010,58
3/12/2010,55
3/13/2010,48
3/14/2010,46
3/15/2010,42
3/16/2010,42
3/17/2010,45
3/18/2010,46
3/19/2010,48
3/20/2010,52
3/21/2010,43
3/22/2010,43
3/23/2010,43
3/24/2010,45
3/25/2010,50
3/26/2010,41
3/27/2010,35
3/28/2010,43
3/29/2010,44
3/30/2010,40
3/31/2010,47
4/1/2010,61
4/2/2010,68
4/3/2010,69
4/4/2010,52
4/5/2010,60
4/6/2010,66
4/7/2010,76
4/8/2010,64
4/9/2010,44
4/10/2010,44
4/11/2010,57
4/12/2010,60
4/13/2010,61
4/14/2010,62
4/15/2010,66
4/16/2010,71
4/17/2010,61
4/18/2010,46
4/19/2010,45
4/20/2010,48
4/21/2010,53
4/22/2010,56
4/23/2010,56
4/24/2010,56
4/25/2010,61
4/26/2010,57
4/27/2010,53
4/28/2010,47
4/29/2010,49
4/30/2010,62
5/1/2010,70
5/2/2010,66
5/3/2010,64
5/4/2010,60
5/5/2010,64
5/6/2010,66
5/7/2010,59
5/8/2010,62
5/9/2010,47
5/10/2010,48
5/11/2010,51
5/12/2010,57
5/13/2010,56
5/14/2010,69
5/15/2010,60
5/16/2010,58
5/17/2010,59
5/18/2010,53
5/19/2010,54
5/20/2010,58
5/21/2010,59
5/22/2010,63
5/23/2010,67
5/24/2010,75
5/25/2010,80
5/26/2010,77
5/27/2010,77
5/28/2010,74
5/29/2010,72
5/30/2010,76
5/31/2010,79
6/1/2010,73
6/11/2010,77
6/12/2010,76
6/13/2010,76
6/14/2010,72
6/15/2010,73
6/16/2010,73
6/17/2010,73
6/18/2010,73
6/19/2010,75
6/20/2010,74
6/21/2010,76
6/22/2010,75
6/23/2010,76
6/24/2010,79
6/25/2010,72
6/26/2010,73
6/27/2010,78
6/28/2010,80
6/29/2010,76
6/30/2010,68
7/1/2010,64
7/2/2010,64
7/3/2010,68
7/4/2010,72
7/5/2010,77
7/6/2010,79
7/7/2010,79
7/8/2010,80
7/9/2010,76
7/10/2010,75
7/11/2010,75
7/12/2010,75
7/13/2010,75
7/14/2010,74
7/15/2010,78
7/16/2010,76
7/17/2010,77
7/18/2010,76
7/19/2010,76
7/20/2010,76
7/21/2010,73
7/22/2010,78
7/23/2010,79
7/24/2010,82
7/25/2010,80
7/26/2010,75
7/27/2010,73
7/28/2010,77
7/29/2010,79
7/30/2010,75
7/31/2010,71
8/1/2010,68
8/2/2010,71
8/3/2010,74
8/4/2010,79
8/5/2010,80
8/6/2010,76
8/7/2010,70
8/8/2010,71
8/9/2010,75
8/10/2010,80
8/11/2010,80
8/12/2010,81
8/13/2010,80
8/14/2010,81
8/15/2010,78
8/16/2010,78
8/17/2010,70
8/18/2010,70
8/19/2010,74
8/20/2010,76
8/21/2010,79
8/22/2010,75
8/23/2010,74
8/24/2010,70
8/25/2010,69
8/26/2010,70
8/27/2010,64
8/28/2010,66
8/29/2010,71
8/30/2010,80
8/31/2010,77
9/1/2010,79
9/2/2010,74
9/3/2010,74
9/4/2010,67
9/5/2010,59
9/6/2010,62
9/7/2010,73
9/8/2010,72
9/9/2010,61
9/10/2010,59
9/11/2010,66
9/12/2010,66
9/13/2010,66
9/14/2010,71
9/15/2010,65
9/16/2010,70
9/17/2010,67
9/18/2010,60
9/19/2010,66
9/20/2010,68
9/21/2010,73
9/22/2010,78
9/23/2010,69
9/24/2010,77
9/25/2010,72
9/26/2010,56
9/27/2010,54
9/28/2010,53
9/29/2010,55
9/30/2010,58
10/1/2010,61
10/2/2010,56
10/3/2010,53
10/4/2010,46
10/5/2010,45
10/6/2010,48
10/7/2010,58
10/8/2010,59
10/9/2010,60
10/10/2010,67
10/11/2010,69
10/12/2010,67
10/13/2010,63
10/14/2010,55
10/15/2010,52
10/16/2010,52
10/17/2010,53
10/18/2010,55
10/19/2010,48
10/20/2010,45
10/21/2010,54
10/22/2010,48
10/23/2010,49
10/24/2010,64
10/25/2010,69
10/26/2010,67
10/27/2010,63
10/28/2010,58
10/29/2010,43
10/30/2010,42
10/31/2010,49
11/1/2010,43
11/2/2010,41
11/3/2010,39
11/4/2010,37
11/5/2010,42
11/6/2010,36
11/7/2010,35
11/8/2010,44
11/9/2010,53
11/10/2010,54
11/11/2010,54
11/12/2010,56
11/13/2010,57
11/14/2010,51
11/15/2010,42
11/16/2010,44
11/17/2010,36
11/18/2010,39
11/19/2010,37
11/20/2010,35
11/21/2010,39
11/22/2010,51
11/23/2010,63
11/24/2010,34
11/25/2010,31
11/26/2010,38
11/27/2010,28
11/28/2010,30
11/29/2010,33
11/30/2010,45
12/1/2010,38
12/2/2010,25
12/3/2010,27
12/4/2010,30
12/5/2010,28
12/6/2010,21
12/7/2010,10
12/8/2010,12
12/9/2010,7
12/10/2010,17
12/11/2010,34
12/12/2010,35
12/13/2010,22
12/14/2010,12
12/15/2010,13
12/16/2010,13
12/17/2010,22
12/18/2010,18
12/19/2010,14
12/20/2010,17
12/21/2010,20
12/22/2010,32
12/23/2010,23
12/24/2010,21
12/25/2010,28
12/26/2010,21
12/27/2010,20
12/28/2010,17
12/29/2010,22
12/30/2010,28
12/31/2010,43
1/1/2011,54
1/2/2011,32
1/3/2011,21
1/4/2011,29
1/5/2011,26
1/6/2011,24
1/7/2011,27
1/8/2011,20
1/9/2011,14
1/10/2011,17
1/11/2011,24
1/12/2011,23
1/13/2011,21
1/14/2011,13
1/15/2011,22
1/16/2011,24
1/17/2011,14
1/18/2011,27
1/19/2011,34
1/20/2011,26
1/21/2011,18
1/22/2011,3
1/23/2011,12
1/24/2011,12
1/25/2011,25
1/26/2011,23
1/27/2011,26
1/28/2011,24
1/29/2011,25
1/30/2011,30
1/31/2011,28
2/1/2011,18
2/2/2011,18
2/3/2011,20
2/4/2011,10
2/5/2011,17
2/6/2011,24
2/7/2011,31
2/8/2011,28
3/9/2011,49
3/10/2011,45
3/11/2011,34
3/12/2011,37
3/13/2011,43
3/14/2011,34
3/15/2011,36
3/16/2011,38
3/17/2011,46
3/18/2011,58
3/19/2011,51
3/20/2011,43
3/21/2011,54
3/22/2011,60
3/23/2011,52
3/24/2011,51
3/25/2011,33
3/26/2011,31
3/27/2011,31
3/28/2011,31
3/29/2011,33
3/30/2011,35
3/31/2011,38
4/1/2011,36
4/2/2011,37
4/3/2011,44
4/4/2011,61
4/5/2011,52
4/6/2011,46
4/7/2011,54
4/8/2011,47
4/9/2011,50
4/10/2011,58
4/11/2011,72
4/12/2011,59
4/13/2011,49
4/14/2011,50
4/15/2011,56
4/16/2011,51
4/17/2011,45
4/18/2011,48
4/19/2011,49
4/20/2011,46
4/21/2011,42
4/22/2011,46
4/23/2011,50
4/24/2011,61
4/25/2011,57
4/26/2011,58
4/27/2011,61
4/28/2011,54
4/29/2011,47
4/30/2011,51
5/1/2011,61
5/2/2011,60
5/3/2011,50
5/4/2011,49
5/5/2011,46
5/6/2011,51
5/7/2011,58
5/8/2011,60
5/9/2011,60
5/10/2011,67
5/11/2011,76
5/12/2011,77
5/13/2011,75
5/14/2011,69
5/15/2011,55
5/16/2011,49
5/17/2011,48
5/18/2011,50
5/19/2011,55
5/20/2011,61
5/21/2011,68
5/22/2011,69
5/23/2011,71
5/24/2011,72
5/25/2011,70
5/26/2011,65
5/27/2011,53
5/28/2011,53
5/29/2011,60
5/30/2011,71
5/31/2011,80
6/1/2011,80
6/2/2011,74
6/3/2011,69
6/4/2011,76
6/5/2011,79
6/6/2011,71
6/7/2011,77
6/8/2011,83
6/9/2011,84
6/10/2011,72
6/11/2011,75
6/12/2011,69
6/13/2011,60
6/14/2011,65
6/15/2011,68
6/16/2011,66
6/17/2011,72
6/18/2011,75
6/19/2011,74
6/20/2011,71
6/21/2011,70
6/22/2011,77
6/23/2011,71
6/24/2011,65
6/25/2011,63
6/26/2011,70
6/27/2011,70
6/28/2011,73
6/29/2011,71
6/30/2011,70
7/1/2011,74
7/2/2011,69
7/3/2011,78
7/4/2011,76
7/5/2011,74
7/6/2011,73
7/7/2011,78
7/8/2011,75
7/9/2011,76
7/10/2011,76
7/11/2011,78
7/12/2011,83
7/13/2011,80
7/14/2011,72
7/15/2011,70
7/16/2011,74
7/17/2011,75
7/18/2011,81
7/19/2011,82
7/20/2011,85
7/21/2011,85
7/22/2011,86
7/23/2011,85
7/24/2011,82
7/25/2011,76
7/26/2011,75
7/27/2011,78
7/28/2011,79
7/29/2011,83
7/30/2011,78
7/31/2011,79
8/1/2011,78
8/2/2011,79
8/3/2011,82
8/4/2011,76
8/5/2011,72
8/6/2011,76
8/7/2011,78
8/8/2011,77
8/9/2011,73
8/10/2011,72
8/11/2011,67
8/12/2011,67
8/13/2011,69
8/14/2011,70
8/15/2011,66
8/16/2011,67
8/17/2011,66
8/18/2011,72
8/19/2011,75
8/20/2011,74
8/21/2011,72
8/22/2011,70
8/23/2011,69
8/24/2011,68
8/25/2011,78
8/26/2011,69
8/27/2011,66
8/28/2011,70
8/29/2011,66
8/30/2011,67
8/31/2011,68
9/1/2011,77
9/2/2011,83
9/3/2011,82
9/4/2011,79
9/5/2011,67
9/6/2011,58
9/7/2011,55
9/8/2011,60
9/9/2011,59
9/10/2011,63
9/11/2011,65
9/12/2011,67
9/13/2011,71
9/14/2011,70
9/15/2011,57
9/16/2011,49
9/17/2011,51
9/18/2011,59
9/19/2011,61
9/20/2011,64
9/21/2011,63
9/22/2011,66
9/23/2011,58
9/24/2011,56
9/25/2011,55
9/26/2011,56
9/27/2011,57
9/28/2011,54
9/29/2011,56
9/30/2011,58
10/1/2011,52
10/2/2011,47
10/3/2011,48
10/4/2011,54
10/5/2011,56
10/6/2011,62
10/7/2011,64
10/8/2011,69
10/9/2011,67
10/10/2011,64
10/11/2011,63
10/12/2011,63
10/13/2011,62
10/14/2011,59
10/15/2011,53
10/16/2011,53
10/17/2011,57
10/18/2011,49
10/19/2011,45
10/20/2011,44
10/21/2011,43
10/22/2011,43
10/23/2011,48
10/24/2011,56
10/25/2011,54
10/26/2011,60
10/27/2011,55
10/28/2011,43
10/29/2011,41
10/30/2011,43
10/31/2011,46
11/1/2011,46
11/2/2011,50
11/3/2011,56
11/4/2011,48
11/5/2011,43
11/6/2011,46
11/7/2011,53
11/8/2011,54
11/9/2011,59
11/10/2011,50
11/11/2011,35
11/12/2011,36
11/13/2011,51
11/14/2011,60
11/15/2011,54
11/16/2011,52
11/17/2011,41
11/18/2011,32
11/19/2011,39
11/20/2011,50
11/21/2011,47
11/22/2011,43
11/23/2011,43
11/24/2011,40
11/25/2011,42
11/26/2011,49
11/27/2011,56
11/28/2011,42
11/29/2011,36
11/30/2011,35
12/1/2011,32
12/2/2011,33
12/3/2011,36
12/4/2011,46
12/5/2011,45
12/6/2011,37
12/7/2011,33
12/8/2011,30
12/9/2011,29
12/10/2011,28
12/11/2011,20
12/12/2011,29
12/13/2011,34
12/14/2011,39
12/15/2011,48
12/16/2011,45
12/17/2011,31
12/18/2011,30
12/19/2011,35
12/20/2011,46
12/21/2011,39
12/22/2011,43
12/23/2011,38
12/24/2011,33
12/25/2011,32
12/26/2011,36
12/27/2011,34
12/28/2011,34
12/29/2011,29
12/30/2011,40
12/31/2011,42
1/1/2012,37
1/2/2012,38
1/3/2012,23
1/4/2012,20
1/5/2012,33
1/6/2012,37
1/7/2012,46
1/8/2012,36
1/9/2012,33
1/10/2012,35
1/11/2012,38
1/12/2012,38
1/13/2012,24
1/14/2012,16
1/15/2012,16
1/16/2012,19
1/17/2012,43
1/18/2012,40
1/19/2012,22
1/20/2012,18
1/21/2012,10
1/22/2012,17
1/23/2012,31
1/24/2012,39
1/25/2012,31
1/26/2012,29
1/27/2012,33
1/28/2012,35
1/29/2012,33
1/30/2012,31
1/31/2012,39
2/1/2012,52
2/2/2012,43
2/3/2012,36
2/4/2012,38
2/5/2012,37
2/6/2012,35
2/7/2012,29
2/8/2012,32
2/9/2012,31
2/10/2012,28
2/11/2012,30
2/12/2012,15
2/13/2012,23
2/14/2012,27
2/15/2012,31
2/16/2012,36
2/17/2012,39
2/18/2012,38
2/19/2012,34
2/20/2012,29
2/21/2012,32
2/22/2012,40
2/23/2012,42
2/24/2012,37
2/25/2012,35
2/26/2012,26
2/27/2012,36
2/28/2012,37
2/29/2012,38
3/1/2012,54
3/2/2012,38
3/3/2012,42
3/4/2012,32
3/5/2012,32
3/6/2012,30
3/7/2012,48
3/8/2012,59
3/9/2012,46
3/10/2012,35
3/11/2012,39
3/12/2012,53
3/13/2012,62
3/14/2012,60
3/15/2012,67
3/16/2012,70
3/17/2012,67
3/18/2012,67
3/19/2012,69
3/20/2012,72
3/21/2012,74
3/22/2012,74
3/23/2012,71
3/24/2012,61
3/25/2012,58
3/26/2012,57
3/27/2012,47
3/28/2012,53
3/29/2012,63
3/30/2012,50
3/31/2012,57
4/1/2012,47
4/2/2012,60
4/3/2012,59
4/4/2012,70
4/5/2012,56
4/6/2012,48
4/7/2012,46
4/8/2012,53
4/9/2012,56
4/10/2012,55
4/11/2012,40
4/12/2012,40
4/13/2012,45
4/14/2012,53
4/15/2012,58
4/16/2012,70
4/17/2012,58
4/18/2012,50
4/19/2012,56
4/20/2012,65
4/21/2012,53
4/22/2012,47
4/23/2012,45
4/24/2012,46
4/25/2012,50
4/26/2012,59
4/27/2012,53
4/28/2012,46
4/29/2012,46
4/30/2012,51
5/1/2012,63
5/2/2012,61
5/3/2012,72
5/5/2012,71
5/6/2012,67
5/7/2012,70
5/8/2012,63
5/9/2012,62
5/10/2012,56
5/11/2012,55
5/12/2012,61
5/13/2012,64
5/14/2012,63
5/15/2012,65
5/16/2012,67
5/17/2012,64
5/18/2012,61
5/19/2012,68
5/20/2012,76
5/21/2012,78
5/22/2012,62
5/23/2012,60
5/24/2012,66
5/25/2012,75
5/26/2012,80
5/27/2012,81
5/28/2012,82
5/29/2012,82
5/30/2012,74
5/31/2012,65
6/1/2012,56
6/2/2012,54
6/3/2012,60
6/4/2012,67
6/5/2012,68
6/6/2012,62
6/7/2012,64
6/8/2012,68
6/9/2012,70
6/10/2012,74
6/11/2012,78
6/12/2012,76
6/13/2012,70
6/14/2012,64
6/15/2012,71
6/16/2012,75
6/17/2012,75
6/18/2012,74
6/19/2012,79
6/20/2012,81
6/21/2012,80
6/22/2012,75
6/23/2012,70
6/24/2012,72
6/25/2012,78
6/26/2012,72
6/27/2012,66
6/28/2012,73
6/29/2012,84
6/30/2012,80
7/1/2012,75
7/2/2012,76
7/3/2012,80
7/4/2012,80
7/5/2012,85
7/6/2012,86
7/7/2012,86
7/8/2012,85
7/9/2012,74
7/10/2012,75
7/11/2012,76
7/12/2012,75
7/13/2012,77
7/14/2012,79
7/15/2012,77
7/16/2012,78
7/17/2012,82
7/18/2012,82
7/19/2012,84
7/20/2012,78
7/21/2012,72
7/22/2012,73
7/23/2012,80
7/24/2012,85
7/25/2012,80
7/26/2012,83
7/27/2012,82
7/28/2012,75
7/29/2012,71
7/30/2012,72
7/31/2012,78
8/1/2012,75
8/2/2012,72
8/3/2012,76
8/4/2012,81
8/5/2012,80
8/6/2012,74
8/7/2012,71
8/8/2012,75
8/9/2012,78
8/10/2012,72
8/11/2012,65
8/12/2012,65
8/13/2012,66
8/14/2012,67
8/15/2012,69
8/16/2012,73
8/17/2012,67
8/18/2012,64
8/19/2012,62
8/20/2012,64
8/21/2012,62
8/22/2012,64
8/23/2012,67
8/24/2012,72
8/25/2012,75
8/26/2012,76
8/27/2012,75
8/28/2012,73
8/29/2012,70
8/30/2012,71
8/31/2012,72
9/1/2012,75
9/2/2012,75
9/3/2012,73
9/4/2012,75
9/5/2012,76
9/6/2012,72
9/7/2012,74
9/8/2012,66
9/9/2012,62
9/10/2012,61
9/11/2012,61
9/12/2012,67
9/13/2012,70
9/14/2012,70
9/15/2012,61
9/16/2012,61
9/17/2012,62
9/18/2012,64
9/19/2012,55
9/20/2012,55
9/21/2012,62
9/22/2012,54
9/23/2012,49
9/24/2012,47
9/25/2012,51
9/26/2012,61
9/27/2012,64
9/28/2012,60
9/29/2012,56
9/30/2012,57
10/1/2012,55
10/2/2012,54
10/3/2012,56
10/4/2012,59
10/5/2012,65
10/6/2012,45
10/7/2012,41
10/8/2012,40
10/9/2012,42
10/10/2012,51
10/11/2012,44
10/12/2012,48
10/13/2012,49
10/14/2012,56
10/15/2012,65
10/16/2012,49
10/17/2012,54
10/18/2012,61
10/19/2012,51
10/20/2012,46
10/21/2012,46
10/22/2012,54
10/23/2012,63
10/24/2012,62
10/25/2012,67
10/26/2012,65
10/27/2012,43
10/28/2012,40
10/29/2012,40
10/30/2012,42
10/31/2012,40
11/1/2012,40
11/2/2012,41
11/3/2012,39
11/4/2012,36
11/5/2012,35
11/6/2012,32
11/7/2012,36
11/8/2012,40
11/9/2012,39
11/10/2012,48
11/11/2012,59
11/12/2012,61
11/13/2012,36
11/14/2012,32
11/15/2012,33
11/16/2012,33
11/17/2012,36
11/18/2012,39
11/19/2012,42
11/20/2012,47
11/21/2012,51
11/22/2012,44
11/23/2012,51
11/24/2012,35
11/25/2012,28
11/26/2012,36
11/27/2012,34
11/28/2012,29
11/29/2012,34
11/30/2012,38
12/1/2012,45
12/2/2012,51
12/3/2012,58
12/4/2012,62
12/5/2012,51
12/6/2012,36
12/7/2012,38
12/8/2012,44
12/9/2012,41
12/10/2012,42
12/11/2012,31
12/12/2012,31
12/13/2012,33
12/14/2012,36
12/15/2012,40
12/16/2012,46
12/17/2012,47
12/18/2012,38
12/19/2012,37
12/20/2012,39
12/21/2012,42
12/22/2012,26
12/23/2012,23
12/24/2012,29
12/25/2012,30
12/26/2012,31
12/27/2012,28
12/28/2012,29
12/29/2012,30
1/2/2013,20
1/3/2013,13
1/4/2013,23
1/5/2013,22
1/6/2013,28
1/7/2013,29
1/8/2013,25
1/9/2013,33
1/10/2013,40
1/11/2013,35
1/12/2013,53
1/13/2013,51
1/14/2013,29
1/15/2013,18
1/16/2013,22
1/17/2013,29
1/18/2013,30
1/19/2013,29
1/20/2013,42
1/21/2013,23
1/22/2013,13
1/23/2013,9
1/24/2013,17
1/25/2013,17
1/26/2013,22
1/27/2013,23
1/28/2013,29
1/29/2013,48
1/30/2013,57
1/31/2013,42
2/1/2013,19
2/2/2013,11
2/3/2013,21
2/4/2013,18
2/5/2013,28
2/6/2013,29
2/7/2013,32
2/8/2013,39
2/9/2013,31
2/10/2013,33
2/11/2013,41
2/12/2013,37
2/13/2013,29
2/14/2013,34
2/15/2013,37
2/16/2013,31
2/17/2013,21
2/18/2013,21
2/19/2013,41
2/20/2013,22
2/21/2013,17
2/22/2013,25
2/23/2013,31
2/24/2013,27
2/25/2013,28
2/26/2013,33
2/27/2013,33
2/28/2013,32
3/1/2013,33
3/2/2013,30
3/3/2013,28
3/4/2013,27
3/5/2013,29
3/6/2013,32
3/7/2013,29
3/8/2013,30
3/9/2013,31
3/10/2013,40
3/11/2013,55
3/12/2013,41
3/13/2013,33
3/14/2013,28
3/15/2013,30
3/16/2013,39
3/17/2013,36
3/18/2013,33
3/19/2013,33
3/20/2013,29
3/21/2013,25
3/22/2013,24
3/23/2013,30
3/24/2013,35
3/25/2013,31
3/26/2013,30
3/27/2013,32
3/28/2013,33
3/29/2013,36
3/30/2013,41
3/31/2013,44
4/1/2013,49
4/2/2013,36
4/3/2013,37
4/4/2013,35
4/5/2013,43
4/6/2013,44
4/7/2013,54
4/8/2013,59
4/9/2013,62
4/10/2013,66
4/11/2013,57
4/12/2013,53
4/13/2013,40
4/14/2013,41
4/15/2013,56
4/16/2013,60
4/17/2013,47
4/18/2013,54
4/19/2013,61
4/20/2013,38
4/21/2013,38
4/22/2013,43
4/23/2013,53
4/24/2013,54
4/25/2013,41
4/26/2013,44
4/27/2013,51
4/28/2013,54
4/29/2013,55
4/30/2013,61
5/1/2013,68
5/2/2013,71
5/3/2013,68
5/4/2013,59
5/5/2013,62
5/6/2013,59
5/7/2013,63
5/8/2013,65
5/9/2013,67
5/10/2013,62
5/11/2013,56
5/12/2013,50
5/13/2013,46
5/14/2013,52
5/15/2013,69
5/16/2013,76
5/17/2013,71
5/18/2013,69
5/19/2013,69
5/20/2013,75
5/21/2013,77
5/22/2013,77
5/23/2013,69
5/24/2013,53
5/25/2013,51
5/26/2013,51
5/27/2013,57
5/28/2013,62
5/29/2013,72
5/30/2013,76
5/31/2013,78
6/1/2013,74
6/2/2013,67
6/3/2013,59
6/4/2013,56
6/5/2013,63
6/6/2013,68
6/7/2013,67
6/8/2013,65
6/9/2013,66
6/10/2013,72
6/11/2013,70
6/12/2013,74
6/13/2013,79
6/14/2013,67
6/15/2013,66
6/16/2013,70
6/17/2013,73
6/18/2013,76
6/19/2013,72
6/20/2013,69
6/21/2013,75
6/22/2013,75
6/23/2013,73
6/24/2013,74
6/25/2013,74
6/26/2013,76
6/27/2013,74
6/28/2013,78
6/29/2013,73
6/30/2013,66
7/1/2013,66
7/2/2013,67
7/3/2013,63
7/4/2013,67
7/5/2013,68
7/6/2013,73
7/7/2013,70
7/8/2013,73
7/9/2013,77
7/10/2013,80
7/11/2013,75
7/12/2013,67
7/13/2013,67
7/14/2013,71
7/15/2013,77
7/16/2013,80
7/17/2013,80
7/18/2013,81
7/19/2013,82
7/20/2013,82
7/21/2013,77
7/22/2013,74
7/23/2013,74
7/24/2013,72
7/25/2013,62
7/26/2013,65
7/27/2013,67
7/28/2013,65
7/29/2013,60
7/30/2013,63
7/31/2013,65
8/1/2013,68
8/2/2013,68
8/3/2013,70
8/4/2013,69
8/5/2013,65
8/6/2013,66
8/7/2013,71
8/8/2013,74
8/9/2013,71
8/10/2013,71
8/11/2013,72
8/12/2013,69
8/13/2013,71
8/14/2013,63
8/15/2013,58
8/16/2013,61
8/17/2013,65
8/18/2013,66
8/19/2013,69
8/20/2013,70
8/21/2013,73
8/22/2013,74
8/23/2013,70
8/24/2013,68
8/25/2013,68
8/26/2013,70
8/27/2013,75
8/28/2013,79
8/29/2013,78
8/30/2013,76
8/31/2013,76
9/1/2013,73
9/2/2013,71
9/3/2013,71
9/4/2013,62
9/5/2013,65
9/6/2013,68
9/7/2013,70
9/8/2013,74
9/9/2013,75
9/10/2013,79
9/11/2013,83
9/12/2013,81
9/13/2013,71
9/14/2013,57
9/15/2013,55
9/16/2013,59
9/17/2013,58
9/18/2013,60
9/19/2013,70
9/20/2013,74
9/21/2013,70
9/22/2013,59
9/23/2013,55
9/24/2013,57
9/25/2013,60
9/26/2013,62
9/27/2013,61
9/28/2013,63
9/29/2013,66
9/30/2013,63
10/1/2013,61
10/2/2013,67
10/3/2013,68
10/4/2013,71
10/5/2013,73
10/6/2013,71
10/7/2013,57
10/8/2013,52
10/9/2013,58
10/10/2013,56
10/11/2013,59
10/12/2013,60
10/13/2013,64
10/14/2013,54
10/15/2013,51
10/16/2013,59
10/17/2013,50
10/18/2013,46
10/19/2013,47
10/20/2013,46
10/21/2013,52
10/22/2013,47
10/23/2013,36
10/24/2013,39
10/25/2013,38
10/26/2013,38
10/27/2013,43
10/28/2013,40
10/29/2013,42
10/30/2013,46
10/31/2013,57
11/1/2013,59
11/2/2013,48
11/3/2013,44
11/4/2013,42
11/5/2013,48
11/6/2013,53
11/7/2013,50
11/8/2013,37
11/9/2013,39
11/10/2013,50
11/11/2013,40
11/12/2013,40
11/13/2013,28
11/14/2013,28
11/15/2013,40
11/16/2013,46
11/17/2013,53
11/18/2013,58
11/19/2013,40
11/20/2013,33
11/21/2013,38
11/22/2013,47
11/23/2013,40
11/24/2013,24
11/26/2013,27
11/27/2013,32
11/28/2013,21
11/29/2013,26
11/30/2013,26
12/1/2013,38
12/2/2013,37
12/3/2013,36
12/4/2013,45
12/5/2013,52
12/6/2013,32
12/7/2013,22
12/8/2013,16
12/9/2013,23
12/10/2013,22
12/11/2013,15
12/12/2013,16
12/13/2013,12
12/14/2013,26
12/15/2013,29
12/16/2013,17
12/18/2013,22
12/19/2013,25
12/20/2013,41
12/21/2013,48
12/22/2013,34
12/23/2013,33
12/24/2013,22
12/25/2013,11
12/26/2013,25
12/27/2013,29
12/28/2013,36
12/29/2013,41
12/30/2013,33
12/31/2013,17
1/2/2014,23
1/3/2014,14
1/4/2014,6
1/5/2014,28
1/6/2014,26
1/7/2014,-10
1/8/2014,-1
1/9/2014,13
1/10/2014,22
1/11/2014,37
1/12/2014,36
1/13/2014,36
1/14/2014,44
1/15/2014,30
1/16/2014,21
1/17/2014,26
1/18/2014,15
1/19/2014,17
1/20/2014,22
1/21/2014,33
1/22/2014,11
1/23/2014,6
1/24/2014,0
1/25/2014,8
1/26/2014,19
1/27/2014,24
1/28/2014,2
1/29/2014,0
1/30/2014,13
1/31/2014,26
2/1/2014,25
2/2/2014,32
2/3/2014,23
2/4/2014,16
2/5/2014,18
2/6/2014,21
2/7/2014,2
2/8/2014,0
2/9/2014,14
2/10/2014,15
2/11/2014,-3
2/12/2014,-3
2/13/2014,7
2/14/2014,18
2/15/2014,16
2/16/2014,12
2/17/2014,19
2/18/2014,24
2/19/2014,38
2/20/2014,37
2/21/2014,43
2/22/2014,36
2/23/2014,35
2/24/2014,25
2/25/2014,22
2/27/2014,11
2/28/2014,13
3/1/2014,21
3/2/2014,29
3/3/2014,15
3/4/2014,8
3/5/2014,18
3/6/2014,20
3/7/2014,24
3/8/2014,35
3/9/2014,33
3/10/2014,32
3/11/2014,47
3/12/2014,46
3/13/2014,28
3/14/2014,26
3/15/2014,45
3/16/2014,39
3/17/2014,26
3/18/2014,26
3/19/2014,40
3/20/2014,42
3/21/2014,39
3/22/2014,50
3/23/2014,38
3/24/2014,29
3/25/2014,28
3/26/2014,28
3/27/2014,29
3/28/2014,42
3/29/2014,43
3/30/2014,35
3/31/2014,40
4/1/2014,54
4/2/2014,50
4/3/2014,49
4/4/2014,43
4/5/2014,43
4/6/2014,41
4/7/2014,44
4/8/2014,44
4/9/2014,46
4/10/2014,49
4/11/2014,57
4/12/2014,56
4/13/2014,64
4/14/2014,67
4/15/2014,46
4/16/2014,32
4/17/2014,40
4/18/2014,53
4/19/2014,54
4/20/2014,52
4/21/2014,61
4/22/2014,63
4/23/2014,52
4/24/2014,47
4/25/2014,58
4/26/2014,59
4/27/2014,58
4/28/2014,57
4/29/2014,54
4/30/2014,60
5/1/2014,50
5/2/2014,46
5/3/2014,49
5/4/2014,58
5/5/2014,56
5/6/2014,56
5/7/2014,61
5/8/2014,72
5/9/2014,77
5/10/2014,68
5/11/2014,63
5/12/2014,69
5/13/2014,72
5/14/2014,64
5/15/2014,51
5/16/2014,46
5/17/2014,45
5/18/2014,47
5/19/2014,53
5/20/2014,60
5/21/2014,72
5/22/2014,74
5/23/2014,66
5/24/2014,62
5/25/2014,63
5/26/2014,70
5/27/2014,74
5/28/2014,76
5/29/2014,72
5/30/2014,73
5/31/2014,73
6/1/2014,75
6/2/2014,74
6/3/2014,73
6/4/2014,76
6/6/2014,65
6/7/2014,69
6/8/2014,71
6/9/2014,65
6/10/2014,67
6/11/2014,67
6/12/2014,69
6/13/2014,70
6/14/2014,65
6/15/2014,65
6/16/2014,72
6/17/2014,79
6/18/2014,81
6/19/2014,76
6/20/2014,74
6/21/2014,75
6/22/2014,73
6/23/2014,75
6/24/2014,75
6/25/2014,73
6/26/2014,74
6/27/2014,72
6/28/2014,78
6/29/2014,76
6/30/2014,77
7/1/2014,76
7/2/2014,73
7/3/2014,68
7/4/2014,65
7/5/2014,66
7/6/2014,68
7/7/2014,72
7/8/2014,77
7/9/2014,73
7/10/2014,70
7/11/2014,67
7/12/2014,69
7/13/2014,72
7/14/2014,76
7/15/2014,69
7/16/2014,61
7/17/2014,62
7/18/2014,65
7/19/2014,65
7/20/2014,66
7/21/2014,69
7/22/2014,72
7/23/2014,75
7/24/2014,70
7/25/2014,64
7/26/2014,65
7/27/2014,72
7/28/2014,72
7/29/2014,63
7/30/2014,62
7/31/2014,67
8/1/2014,69
8/2/2014,67
8/3/2014,70
8/4/2014,71
8/5/2014,72
8/6/2014,71
8/7/2014,68
8/8/2014,67
8/9/2014,71
8/10/2014,71
8/11/2014,71
8/12/2014,72
8/13/2014,63
8/14/2014,68
8/15/2014,65
8/16/2014,60
8/17/2014,66
8/18/2014,70
8/19/2014,71
8/20/2014,72
8/21/2014,73
8/22/2014,76
8/23/2014,76
8/24/2014,75
8/25/2014,77
8/26/2014,78
8/27/2014,72
8/28/2014,73
8/29/2014,71
8/30/2014,75
8/31/2014,75
9/1/2014,75
9/2/2014,74
9/3/2014,71
9/4/2014,73
9/5/2014,75
9/6/2014,79
9/7/2014,65
9/8/2014,62
9/9/2014,65
9/10/2014,67
9/11/2014,71
9/12/2014,56
9/13/2014,54
9/14/2014,51
9/15/2014,53
9/16/2014,53
9/17/2014,56
9/18/2014,56
9/19/2014,57
9/20/2014,60
9/21/2014,67
9/22/2014,62
9/23/2014,53
9/24/2014,57
9/25/2014,59
9/26/2014,63
9/27/2014,66
9/28/2014,65
9/29/2014,66
9/30/2014,65
10/1/2014,58
10/2/2014,60
10/3/2014,68
10/4/2014,56
10/5/2014,43
10/6/2014,48
10/7/2014,54
10/8/2014,55
10/9/2014,54
10/10/2014,53
10/11/2014,49
10/12/2014,47
10/13/2014,53
10/14/2014,66
10/15/2014,61
10/16/2014,56
10/17/2014,55
10/18/2014,55
10/19/2014,47
10/20/2014,47
10/21/2014,55
10/22/2014,47
10/23/2014,43
10/24/2014,46
10/25/2014,55
10/26/2014,60
10/27/2014,52
10/28/2014,67
10/29/2014,57
10/30/2014,44
10/31/2014,43
11/1/2014,38
11/2/2014,33
11/3/2014,37
11/4/2014,54
11/5/2014,49
11/6/2014,47
11/7/2014,43
11/8/2014,40
11/9/2014,42
11/10/2014,40
11/11/2014,52
11/12/2014,45
11/13/2014,29
11/14/2014,25
11/15/2014,23
11/16/2014,26
11/17/2014,30
11/18/2014,19
11/19/2014,14
11/20/2014,25
11/21/2014,23
11/22/2014,22
11/23/2014,45
11/24/2014,50
11/25/2014,40
11/26/2014,28
11/27/2014,27
11/28/2014,26
11/29/2014,26
11/30/2014,44
12/1/2014,52
12/2/2014,28
12/3/2014,32
12/4/2014,32
12/5/2014,30
12/6/2014,37
12/7/2014,35
12/8/2014,31
12/9/2014,35
12/10/2014,35
12/11/2014,33
12/12/2014,30
12/13/2014,28
12/14/2014,41
12/15/2014,45
12/16/2014,44
12/17/2014,38
12/18/2014,25
12/19/2014,25
12/20/2014,26
12/21/2014,31
12/22/2014,32
12/23/2014,37
12/24/2014,47
12/25/2014,39
12/26/2014,37
12/27/2014,43
12/28/2014,42
12/29/2014,28
12/30/2014,27
12/31/2014,20
1/2/2015,24
1/3/2015,29
1/4/2015,36
1/5/2015,27
1/6/2015,7
1/7/2015,10
1/8/2015,2
1/9/2015,3
1/10/2015,7
1/11/2015,10
1/12/2015,29
1/13/2015,26
1/14/2015,9
1/15/2015,8
1/16/2015,22
1/17/2015,28
1/18/2015,38
1/19/2015,36
1/20/2015,34
1/21/2015,36
1/22/2015,33
1/23/2015,31
1/24/2015,31
1/25/2015,33
1/26/2015,31
1/27/2015,23
1/28/2015,25
1/29/2015,27
1/30/2015,35
1/31/2015,27
2/1/2015,29
2/2/2015,31
2/3/2015,14
2/4/2015,24
2/5/2015,27
2/6/2015,5
2/7/2015,24
2/8/2015,39
2/9/2015,43
2/10/2015,27
2/11/2015,26
2/12/2015,31
2/13/2015,17
2/14/2015,18
2/15/2015,19
2/16/2015,9
2/17/2015,11
2/19/2015,8
2/20/2015,1
2/21/2015,9
2/22/2015,24
2/23/2015,21
2/24/2015,9
2/25/2015,14
2/26/2015,23
2/27/2015,16
2/28/2015,6
3/1/2015,14
3/2/2015,23
3/3/2015,21
3/4/2015,32
3/5/2015,23
3/6/2015,11
3/7/2015,14
3/8/2015,35
3/9/2015,38
3/10/2015,41
3/11/2015,42
3/12/2015,42
3/13/2015,42
3/14/2015,42
3/15/2015,47
3/16/2015,48
3/17/2015,61
3/18/2015,39
3/19/2015,37
3/20/2015,41
3/21/2015,42
3/22/2015,45
3/23/2015,37
3/24/2015,31
3/25/2015,33
3/26/2015,44
3/27/2015,38
3/28/2015,28
3/29/2015,27
3/30/2015,37
3/31/2015,49
4/1/2015,51
4/2/2015,55
4/3/2015,58
4/4/2015,48
4/5/2015,43
4/6/2015,52
4/7/2015,55
4/8/2015,56
4/9/2015,61
4/10/2015,67
4/11/2015,52
4/12/2015,49
4/13/2015,57
4/14/2015,59
4/15/2015,54
4/16/2015,56
4/17/2015,54
4/18/2015,61
4/19/2015,66
4/20/2015,55
4/21/2015,50
4/22/2015,49
4/23/2015,41
4/24/2015,43
4/25/2015,49
4/26/2015,46
4/27/2015,46
4/28/2015,45
4/29/2015,49
4/30/2015,51
5/1/2015,47
5/2/2015,54
5/3/2015,62
5/4/2015,67
5/5/2015,64
5/6/2015,69
5/7/2015,71
5/8/2015,74
5/9/2015,72
5/10/2015,68
5/11/2015,69
5/12/2015,65
5/13/2015,52
5/14/2015,52
5/15/2015,58
5/16/2015,68
5/17/2015,69
5/18/2015,72
5/19/2015,72
5/20/2015,51
5/21/2015,46
5/22/2015,54
5/23/2015,62
5/24/2015,68
5/25/2015,73
5/26/2015,74
5/27/2015,71
5/28/2015,71
5/29/2015,71
5/30/2015,75
5/31/2015,67
6/1/2015,55
6/2/2015,56
6/3/2015,65
6/4/2015,64
6/5/2015,69
6/6/2015,70
6/7/2015,66
6/8/2015,71
6/9/2015,70
6/10/2015,72
6/11/2015,79
6/12/2015,80
6/13/2015,75
6/14/2015,75
6/15/2015,76
6/16/2015,77
6/17/2015,72
6/18/2015,70
6/19/2015,74
6/20/2015,68
6/21/2015,71
6/22/2015,73
6/23/2015,77
6/24/2015,74
6/25/2015,71
6/26/2015,72
6/27/2015,68
6/28/2015,65
6/29/2015,67
6/30/2015,68
7/1/2015,70
7/2/2015,66
7/3/2015,66
7/4/2015,68
7/5/2015,70
7/6/2015,73
7/7/2015,76
7/8/2015,67
7/9/2015,60
7/10/2015,66
7/11/2015,69
7/12/2015,69
7/13/2015,74
7/14/2015,73
7/15/2015,75
7/16/2015,69
7/17/2015,71
7/18/2015,76
7/19/2015,79
7/20/2015,78
7/21/2015,75
7/22/2015,72
7/23/2015,71
7/24/2015,74
7/25/2015,74
7/26/2015,76
7/27/2015,75
7/28/2015,76
7/29/2015,80
7/30/2015,77
7/31/2015,74
8/1/2015,75
8/2/2015,72
8/3/2015,77
8/4/2015,75
8/5/2015,69
8/6/2015,72
8/7/2015,70
8/8/2015,69
8/9/2015,73
8/10/2015,73
8/11/2015,75
8/12/2015,71
8/13/2015,68
8/14/2015,70
8/15/2015,74
8/16/2015,74
8/17/2015,77
8/18/2015,74
8/19/2015,73
8/20/2015,72
8/21/2015,65
8/22/2015,67
8/23/2015,68
8/24/2015,70
8/25/2015,65
8/26/2015,64
8/27/2015,65
8/28/2015,63
8/29/2015,68
8/30/2015,71
8/31/2015,74
9/1/2015,76
9/2/2015,75
9/3/2015,78
9/4/2015,79
9/5/2015,77
9/6/2015,74
9/7/2015,78
9/8/2015,79
9/9/2015,76
9/10/2015,70
9/11/2015,67
9/12/2015,61
9/13/2015,56
9/14/2015,57
9/15/2015,64
9/16/2015,69
9/17/2015,69
9/18/2015,72
9/19/2015,72
9/20/2015,62
9/21/2015,58
9/22/2015,59
9/23/2015,63
9/24/2015,64
9/25/2015,66
9/26/2015,66
9/27/2015,65
9/28/2015,70
9/29/2015,71
9/30/2015,67
10/1/2015,58
10/2/2015,54
10/3/2015,54
10/4/2015,48
10/5/2015,57
10/6/2015,60
10/7/2015,62
10/8/2015,63
10/9/2015,66
10/10/2015,58
10/11/2015,53
10/12/2015,60
10/13/2015,65
10/14/2015,55
10/15/2015,50
10/16/2015,54
10/17/2015,46
10/18/2015,39
10/19/2015,44
10/20/2015,55
10/21/2015,62
10/22/2015,66
10/23/2015,63
10/24/2015,62
10/25/2015,63
10/26/2015,51
10/27/2015,53
10/28/2015,50
10/29/2015,52
10/30/2015,41
10/31/2015,47
11/1/2015,50
11/2/2015,55
11/3/2015,57
11/4/2015,59
11/5/2015,62
11/6/2015,65
11/7/2015,53
11/8/2015,43
11/9/2015,40
11/10/2015,43
11/11/2015,47
11/12/2015,52
11/13/2015,48
11/14/2015,41
11/15/2015,42
11/16/2015,52
11/17/2015,47
11/18/2015,54
11/19/2015,58
11/20/2015,44
11/21/2015,39
11/22/2015,33
11/23/2015,19
11/24/2015,33
11/25/2015,35
11/26/2015,46
11/27/2015,57
11/28/2015,49
11/29/2015,37
11/30/2015,36
12/1/2015,40
12/2/2015,42
12/3/2015,34
12/4/2015,32
12/5/2015,33
12/6/2015,33
12/7/2015,40
12/8/2015,35
12/9/2015,48
12/10/2015,48
12/11/2015,49
12/12/2015,50
12/13/2015,62
12/14/2015,61
12/15/2015,52
12/16/2015,41
12/17/2015,44
12/18/2015,32
12/19/2015,29
12/20/2015,25
12/21/2015,40
12/22/2015,48
12/23/2015,41
12/24/2015,55
12/25/2015,42
12/26/2015,42
12/27/2015,45
12/28/2015,41
12/29/2015,35
12/30/2015,34
12/31/2015,31
1/2/2016,26
1/3/2016,30
1/4/2016,28
1/5/2016,27
1/6/2016,26
1/7/2016,31
1/8/2016,40
1/9/2016,44
1/10/2016,41
1/11/2016,17
1/12/2016,17
1/13/2016,15
1/14/2016,12
1/15/2016,36
1/16/2016,39
1/17/2016,29
1/18/2016,11
1/19/2016,4
1/20/2016,11
1/21/2016,14
1/22/2016,14
1/23/2016,22
1/24/2016,20
1/25/2016,27
1/26/2016,37
1/27/2016,31
1/28/2016,28
1/29/2016,35
1/30/2016,32
1/31/2016,42
2/1/2016,49
2/2/2016,36
2/3/2016,43
2/4/2016,39
2/5/2016,27
2/6/2016,27
2/7/2016,31
2/8/2016,40
2/9/2016,29
2/10/2016,19
2/11/2016,13
2/12/2016,17
2/13/2016,20
2/14/2016,12
2/15/2016,17
2/16/2016,26
2/17/2016,29
2/18/2016,30
2/19/2016,36
2/20/2016,52
2/21/2016,52
2/22/2016,39
2/23/2016,35
2/24/2016,37
2/25/2016,33
2/26/2016,31
2/27/2016,30
2/28/2016,36
2/29/2016,51
3/1/2016,43
3/2/2016,35
3/3/2016,27
3/4/2016,32
3/5/2016,26
3/6/2016,36
3/7/2016,42
3/8/2016,53
3/9/2016,62
3/10/2016,61
3/11/2016,49
3/12/2016,45
3/13/2016,49
3/14/2016,54
3/15/2016,55
3/16/2016,61
3/17/2016,54
3/18/2016,49
3/19/2016,44
3/20/2016,40
3/21/2016,36
3/22/2016,40
3/23/2016,53
3/24/2016,59
3/25/2016,53
3/26/2016,38
3/27/2016,47
3/28/2016,53
3/29/2016,44
3/30/2016,45
3/31/2016,51
4/1/2016,58
4/2/2016,45
4/3/2016,37
4/4/2016,45
4/5/2016,36
4/6/2016,38
4/7/2016,48
4/8/2016,39
4/9/2016,37
4/10/2016,32
4/11/2016,43
4/12/2016,48
4/13/2016,41
4/14/2016,46
4/15/2016,51
4/16/2016,57
4/17/2016,65
4/18/2016,66
4/19/2016,68
4/20/2016,68
4/21/2016,62
4/22/2016,61
4/23/2016,52
4/24/2016,53
4/25/2016,62
4/26/2016,70
4/27/2016,65
4/28/2016,53
4/29/2016,54
4/30/2016,52
5/1/2016,51
5/2/2016,56
5/3/2016,51
5/4/2016,56
5/5/2016,50
5/6/2016,50
5/7/2016,60
5/8/2016,60
5/9/2016,53
5/10/2016,56
5/11/2016,63
5/12/2016,67
5/13/2016,64
5/14/2016,59
5/15/2016,46
5/16/2016,47
5/17/2016,54
5/18/2016,54
5/19/2016,57
5/20/2016,60
5/21/2016,60
5/22/2016,63
5/23/2016,66
5/24/2016,67
5/25/2016,77
5/26/2016,75
5/27/2016,72
5/28/2016,73
5/29/2016,76
5/30/2016,75
5/31/2016,75
6/1/2016,75
6/2/2016,71
6/3/2016,73
6/4/2016,72
6/5/2016,66
6/6/2016,69
6/7/2016,72
6/8/2016,64
6/9/2016,65
6/10/2016,70
6/11/2016,81
6/12/2016,82
6/13/2016,78
6/14/2016,74
6/15/2016,74
6/16/2016,77
6/17/2016,74
6/18/2016,73
6/19/2016,74
6/20/2016,79
6/21/2016,80
6/22/2016,76
6/23/2016,72
6/24/2016,76
6/25/2016,73
6/26/2016,78
6/27/2016,78
6/28/2016,78
6/29/2016,65
6/30/2016,64
7/1/2016,68
7/2/2016,67
7/3/2016,61
7/4/2016,61
7/5/2016,68
7/6/2016,75
7/7/2016,74
7/8/2016,74
7/9/2016,77
7/10/2016,70
7/11/2016,71
7/12/2016,77
7/13/2016,76
7/14/2016,73
7/15/2016,75
7/16/2016,72
7/17/2016,69
7/18/2016,72
7/19/2016,74
7/20/2016,77
7/21/2016,78
7/22/2016,80
7/23/2016,79
7/24/2016,81
7/25/2016,80
7/26/2016,76
7/27/2016,75
7/28/2016,76
7/29/2016,76
7/30/2016,75
7/31/2016,72
8/1/2016,71
8/2/2016,73
8/3/2016,76
8/4/2016,77
8/5/2016,79
8/6/2016,77
8/7/2016,72
8/8/2016,70
8/9/2016,74
8/10/2016,76
8/11/2016,78
8/12/2016,82
8/13/2016,81
8/14/2016,77
8/15/2016,73
8/16/2016,71
8/17/2016,74
8/18/2016,75
8/19/2016,75
8/20/2016,75
8/21/2016,72
8/22/2016,67
8/23/2016,67
8/24/2016,70
8/25/2016,74
8/26/2016,76
8/27/2016,75
8/28/2016,76
8/29/2016,77
8/30/2016,78
8/31/2016,76
9/1/2016,73
9/2/2016,66
9/3/2016,64
9/4/2016,66
9/5/2016,68
9/6/2016,76
9/7/2016,80
9/8/2016,81
9/9/2016,74
9/10/2016,72
9/11/2016,68
9/12/2016,64
9/13/2016,66
9/14/2016,70
9/15/2016,70
9/16/2016,69
9/17/2016,70
9/18/2016,72
9/19/2016,69
9/20/2016,69
9/21/2016,73
9/22/2016,72
9/23/2016,72
9/24/2016,74
9/25/2016,72
9/26/2016,73
9/27/2016,63
9/28/2016,61
9/29/2016,56
9/30/2016,61
10/1/2016,62
10/2/2016,60
10/3/2016,60
10/4/2016,60
10/5/2016,67
10/6/2016,71
10/7/2016,73
10/8/2016,66
10/9/2016,51
10/10/2016,57
10/11/2016,59
10/12/2016,64
10/13/2016,62
10/14/2016,50
10/15/2016,53
10/16/2016,64
10/17/2016,66
10/18/2016,74
10/19/2016,71
10/20/2016,58
10/21/2016,55
10/22/2016,48
10/23/2016,47
10/24/2016,58
10/25/2016,50
10/26/2016,46
10/27/2016,53
10/28/2016,49
10/29/2016,52
10/30/2016,69
10/31/2016,58
11/1/2016,53
11/2/2016,67
11/3/2016,67
11/4/2016,58
11/5/2016,48
11/6/2016,49
11/7/2016,51
11/8/2016,51
11/9/2016,52
11/10/2016,48
11/11/2016,48
11/12/2016,45
11/13/2016,38
11/14/2016,41
11/15/2016,47
11/16/2016,50
11/17/2016,49
11/18/2016,58
11/19/2016,59
11/20/2016,35
11/21/2016,29
11/22/2016,31
11/23/2016,36
11/24/2016,42
11/25/2016,39
11/26/2016,38
11/27/2016,40
11/28/2016,40
11/29/2016,47
11/30/2016,51
12/1/2016,41
12/2/2016,37
12/3/2016,37
12/4/2016,35
12/5/2016,33
12/6/2016,35
12/7/2016,34
12/8/2016,30
12/9/2016,21
12/10/2016,24
12/11/2016,24
12/12/2016,30
12/13/2016,28
12/14/2016,21
12/15/2016,12
12/16/2016,8
12/17/2016,19
12/18/2016,27
12/19/2016,10
12/20/2016,5
12/21/2016,22
12/22/2016,31
12/23/2016,35
12/24/2016,33
12/25/2016,36
12/26/2016,36
12/27/2016,50
12/28/2016,32
12/29/2016,35
12/30/2016,34
12/31/2016,31
1/2/2017,31
1/3/2017,39
1/4/2017,39
1/5/2017,18
1/6/2017,11
1/7/2017,4
1/8/2017,7
1/9/2017,10
1/10/2017,26
1/11/2017,41
1/12/2017,42
1/13/2017,33
1/14/2017,26
1/15/2017,29
1/16/2017,31
1/17/2017,39
1/18/2017,44
1/19/2017,35
1/20/2017,39
1/21/2017,46
1/22/2017,54
1/23/2017,45
1/24/2017,40
1/25/2017,39
1/26/2017,42
1/27/2017,32
1/28/2017,28
1/29/2017,28
1/30/2017,26
1/31/2017,25
2/1/2017,38
2/2/2017,35
2/3/2017,23
2/4/2017,21
2/5/2017,25
2/6/2017,35
2/7/2017,39
2/8/2017,52
2/9/2017,29
2/10/2017,14
2/11/2017,32
2/12/2017,52
2/13/2017,42
2/14/2017,35
2/15/2017,41
2/16/2017,32
2/17/2017,37
2/18/2017,52
2/19/2017,55
2/20/2017,52
2/21/2017,54
2/22/2017,57
2/23/2017,57
2/24/2017,56
2/25/2017,57
2/26/2017,29
2/27/2017,33
2/28/2017,44
3/1/2017,54
3/2/2017,46
3/3/2017,33
3/4/2017,29
3/5/2017,36
3/6/2017,48
3/7/2017,55
3/8/2017,51
3/9/2017,47
3/10/2017,41
3/11/2017,32
3/12/2017,26
3/13/2017,29
3/14/2017,28
3/15/2017,21
3/16/2017,24
3/17/2017,31
3/18/2017,40
3/19/2017,39
3/20/2017,43
3/21/2017,46
3/22/2017,42
3/23/2017,32
3/24/2017,41
3/25/2017,63
3/26/2017,64
3/27/2017,58
3/28/2017,54
3/29/2017,46
3/30/2017,53
3/31/2017,51
4/1/2017,40
4/2/2017,46
4/3/2017,53
4/4/2017,58
4/5/2017,51
4/6/2017,46
4/7/2017,41
4/8/2017,41
4/9/2017,51
4/10/2017,64
4/11/2017,65
4/12/2017,53
4/14/2017,58
4/15/2017,62
4/16/2017,70
4/17/2017,64
4/18/2017,60
4/19/2017,63
4/20/2017,70
4/21/2017,68
4/22/2017,49
4/23/2017,50
4/24/2017,53
4/25/2017,60
4/26/2017,67
4/27/2017,70
4/28/2017,52
4/29/2017,52
4/30/2017,53
5/1/2017,60
5/2/2017,53
5/3/2017,47
5/4/2017,47
5/5/2017,46
5/6/2017,47
5/7/2017,48
5/8/2017,48
5/9/2017,52
5/10/2017,52
5/11/2017,64
5/12/2017,56
5/13/2017,59
5/14/2017,64
5/15/2017,71
5/16/2017,72
5/17/2017,75
5/18/2017,76
5/19/2017,77
5/20/2017,56
5/21/2017,61
5/22/2017,63
5/23/2017,60
5/24/2017,64
5/25/2017,58
5/26/2017,58
5/27/2017,65
5/28/2017,66
5/29/2017,68
5/30/2017,69
5/31/2017,66
6/1/2017,66
6/2/2017,68
6/3/2017,71
6/4/2017,75
6/5/2017,78
6/6/2017,75
6/7/2017,65
6/8/2017,66
6/9/2017,67
6/10/2017,74
6/11/2017,76
6/12/2017,79
6/13/2017,82
6/14/2017,79
6/15/2017,73
6/16/2017,76
6/17/2017,75
6/18/2017,77
6/19/2017,73
6/20/2017,69
6/21/2017,69
6/22/2017,74
6/23/2017,77
6/24/2017,72
6/25/2017,67
6/26/2017,64
6/27/2017,61
6/28/2017,64
6/29/2017,70
6/30/2017,77
7/1/2017,71
7/2/2017,74
7/3/2017,74
7/4/2017,78
7/5/2017,78
7/6/2017,76
7/7/2017,78
7/8/2017,76
7/9/2017,70
7/10/2017,72
7/11/2017,77
7/12/2017,74
7/13/2017,76
7/14/2017,78
7/15/2017,72
7/16/2017,69
7/17/2017,73
7/18/2017,72
7/19/2017,75
7/20/2017,78
7/21/2017,78
7/22/2017,79
7/23/2017,76
7/24/2017,78
7/25/2017,71
7/26/2017,69
7/27/2017,75
7/28/2017,76
7/29/2017,72
7/30/2017,66
7/31/2017,70
8/1/2017,72
8/2/2017,72
8/3/2017,74
8/4/2017,72
8/5/2017,60
8/6/2017,66
8/7/2017,65
8/8/2017,68
8/9/2017,67
8/11/2017,71
8/12/2017,71
8/13/2017,66
8/14/2017,66
8/15/2017,72
8/16/2017,75
8/17/2017,77
8/18/2017,76
8/19/2017,72
8/20/2017,72
8/21/2017,75
8/22/2017,76
8/23/2017,70
8/24/2017,66
8/25/2017,64
8/26/2017,60
8/27/2017,64
8/28/2017,68
8/29/2017,69
8/30/2017,68
8/31/2017,67
9/1/2017,65
9/2/2017,60
9/3/2017,60
9/4/2017,67
9/5/2017,71
9/6/2017,61
9/7/2017,56
9/8/2017,57
9/9/2017,61
9/10/2017,60
9/11/2017,57
9/12/2017,58
9/13/2017,63
9/14/2017,64
9/15/2017,64
9/16/2017,71
9/17/2017,74
9/18/2017,73
9/19/2017,71
9/20/2017,70
9/21/2017,76
9/22/2017,78
9/23/2017,78
9/24/2017,78
9/25/2017,75
9/26/2017,73
9/27/2017,76
9/28/2017,67
9/29/2017,58
9/30/2017,59
10/1/2017,56
10/2/2017,58
10/3/2017,68
10/4/2017,69
10/5/2017,70
10/6/2017,68
10/7/2017,67
10/8/2017,71
10/9/2017,64
10/10/2017,69
10/11/2017,67
10/12/2017,59
10/13/2017,57
10/14/2017,62
10/15/2017,71
10/16/2017,60
10/17/2017,50
10/18/2017,54
10/19/2017,56
10/20/2017,60
10/21/2017,64
10/22/2017,65
10/23/2017,65
10/24/2017,54
10/25/2017,44
10/26/2017,41
10/27/2017,48
10/28/2017,43
10/29/2017,38
10/30/2017,38
10/31/2017,42
11/1/2017,38
11/3/2017,60
11/4/2017,48
11/5/2017,51
11/6/2017,59
11/7/2017,46
11/8/2017,43
11/9/2017,38
11/10/2017,36
11/11/2017,27
11/12/2017,33
11/13/2017,38
11/14/2017,38
11/15/2017,41
11/16/2017,44
11/17/2017,34
11/18/2017,40
11/19/2017,47
11/20/2017,32
11/21/2017,38
11/22/2017,35
11/23/2017,29
11/24/2017,35
11/25/2017,45
11/26/2017,45
11/27/2017,38
11/28/2017,49
11/29/2017,55
11/30/2017,43
12/1/2017,45
12/2/2017,38
12/3/2017,42
12/4/2017,44
12/5/2017,56
12/6/2017,36
12/7/2017,33
12/8/2017,24
12/9/2017,24
12/10/2017,28
12/11/2017,27
12/12/2017,32
12/13/2017,24
12/14/2017,30
12/15/2017,28
12/16/2017,28
12/17/2017,39
12/18/2017,40
12/19/2017,44
12/20/2017,42
12/21/2017,35
12/22/2017,38
12/23/2017,39
12/24/2017,33
12/25/2017,24
12/26/2017,15
12/27/2017,4
12/28/2017,-3
12/29/2017,8
12/30/2017,14
12/31/2017,6
1/2/2018,-10
1/3/2018,-5
1/4/2018,11
1/5/2018,-1
1/6/2018,-3
1/7/2018,-4
1/8/2018,23
1/9/2018,33
1/10/2018,31
1/11/2018,44
1/12/2018,53
1/13/2018,24
1/14/2018,14
1/15/2018,12
1/16/2018,16
1/17/2018,4
1/18/2018,8
1/19/2018,22
1/20/2018,30
1/21/2018,37
1/22/2018,43
1/23/2018,49
1/24/2018,34
1/25/2018,28
1/26/2018,34
1/27/2018,46
1/28/2018,46
1/29/2018,38
1/30/2018,28
1/31/2018,24
2/1/2018,37
2/2/2018,27
2/3/2018,14
2/4/2018,30
2/5/2018,26
2/6/2018,10
2/7/2018,12
2/8/2018,18
2/9/2018,16
2/10/2018,33
2/11/2018,24
2/12/2018,23
2/13/2018,20
2/14/2018,30
2/15/2018,40
2/16/2018,53
2/17/2018,34
2/18/2018,29
2/19/2018,34
2/20/2018,53
2/21/2018,61
2/22/2018,35
2/23/2018,39
2/24/2018,43
2/25/2018,43
2/26/2018,41
2/27/2018,42
2/28/2018,49
3/1/2018,53
3/2/2018,44
3/3/2018,37
3/4/2018,37
3/5/2018,38
3/6/2018,37
3/7/2018,35
3/8/2018,31
3/9/2018,27
3/10/2018,30
3/11/2018,33
3/12/2018,34
3/13/2018,32
3/14/2018,29
3/15/2018,32
3/16/2018,40
3/17/2018,33
3/18/2018,33
3/19/2018,39
3/20/2018,42
3/21/2018,34
3/22/2018,33
3/23/2018,34
3/24/2018,36
3/25/2018,34
3/26/2018,35
3/27/2018,42
3/28/2018,49
3/29/2018,46
3/30/2018,45
3/31/2018,40
4/1/2018,44
4/2/2018,33
4/3/2018,34
4/4/2018,47
4/5/2018,32
4/6/2018,36
4/7/2018,37
4/8/2018,30
4/9/2018,34
4/10/2018,35
4/11/2018,37
4/12/2018,50
4/13/2018,65
4/14/2018,68
4/15/2018,57
4/16/2018,40
4/17/2018,31
4/18/2018,35
4/19/2018,38
4/20/2018,41
4/21/2018,45
4/22/2018,49
4/23/2018,55
4/24/2018,53
4/25/2018,55
4/26/2018,50
4/27/2018,49
4/28/2018,54
4/29/2018,44
4/30/2018,46
5/1/2018,59
5/2/2018,69
5/3/2018,75
5/4/2018,70
5/5/2018,67
5/6/2018,67
5/7/2018,65
5/8/2018,61
5/9/2018,67
5/10/2018,69
5/11/2018,68
5/12/2018,67
5/13/2018,62
5/14/2018,70
5/15/2018,76
5/16/2018,68
5/17/2018,68
5/18/2018,70
5/19/2018,64
5/20/2018,68
5/21/2018,65
5/22/2018,69
5/23/2018,71
5/24/2018,66
5/25/2018,72
5/26/2018,75
5/27/2018,76
5/28/2018,81
5/29/2018,83
5/30/2018,82
5/31/2018,76
6/1/2018,76
6/2/2018,74
6/3/2018,68
6/4/2018,72
6/5/2018,67
6/6/2018,70
6/7/2018,68
6/8/2018,74
6/9/2018,74
6/10/2018,74
6/11/2018,65
6/12/2018,70
6/13/2018,73
6/14/2018,74
6/15/2018,70
6/16/2018,77
6/17/2018,82
6/18/2018,83
6/19/2018,83
6/20/2018,76
6/21/2018,76
6/22/2018,70
6/23/2018,69
6/24/2018,67
6/25/2018,73
6/26/2018,71
6/27/2018,72
6/28/2018,74
6/29/2018,76
7/2/2018,81
7/3/2018,79
7/4/2018,81
7/5/2018,82
7/6/2018,74
7/7/2018,72
7/8/2018,67
7/9/2018,72
7/10/2018,77
7/11/2018,78
7/12/2018,73
7/13/2018,75
7/14/2018,76
7/15/2018,75
7/16/2018,79
7/17/2018,79
7/18/2018,74
7/19/2018,68
7/26/2018,74
7/27/2018,71
7/28/2018,71
7/29/2018,67
7/30/2018,62
7/31/2018,66
8/1/2018,65
8/2/2018,70
8/3/2018,72
8/4/2018,76
8/5/2018,79
8/6/2018,80
8/7/2018,78
8/8/2018,74
8/9/2018,76
8/10/2018,75
8/11/2018,75
8/12/2018,74
8/13/2018,73
8/14/2018,74
8/15/2018,74
8/16/2018,72
8/17/2018,75
8/18/2018,73
8/19/2018,73
8/20/2018,74
8/21/2018,72
8/22/2018,71
8/23/2018,67
8/24/2018,66
8/25/2018,65
8/27/2018,81
8/28/2018,81
8/29/2018,81
8/30/2018,72
8/31/2018,67
9/1/2018,72
9/5/2018,81
9/6/2018,82
9/7/2018,75
9/8/2018,67
9/13/2018,65
9/14/2018,68
9/15/2018,73
9/19/2018,76
9/20/2018,76
9/21/2018,80
9/22/2018,73
9/23/2018,57
9/24/2018,60
9/25/2018,66
9/26/2018,72
9/27/2018,61
9/28/2018,56
9/29/2018,58
9/30/2018,53
10/1/2018,68
10/2/2018,71
10/3/2018,69
10/4/2018,75
10/5/2018,65
10/6/2018,65
10/7/2018,71
10/8/2018,69
10/9/2018,76
10/10/2018,76
10/11/2018,67
10/12/2018,49
10/16/2018,44
10/17/2018,43
10/18/2018,44
10/19/2018,43
10/20/2018,47
10/21/2018,46
10/22/2018,38
10/23/2018,50
10/24/2018,45
10/25/2018,40
10/26/2018,43
10/27/2018,44
10/28/2018,46
10/29/2018,47
10/30/2018,46
10/31/2018,57
11/1/2018,55
11/2/2018,44
11/3/2018,42
11/4/2018,44
11/5/2018,51
11/6/2018,49
11/7/2018,47
11/8/2018,37
11/9/2018,37
11/10/2018,32
11/11/2018,25
11/12/2018,31
11/13/2018,33
11/17/2018,34
11/18/2018,36
11/19/2018,36
11/20/2018,35
11/21/2018,32
11/22/2018,32
11/23/2018,35
11/24/2018,43
11/25/2018,47
11/26/2018,44
11/27/2018,33